date,doy,rep,plot,crop phase,planting,cc,n2og
1/28/2025,28,1,101,corn,early,yes,45.3527424
1/28/2025,28,1,102,corn,late,no,13.2922944
1/28/2025,28,1,104,soybean,late,no,96.1123968
1/28/2025,28,1,105,corn,early,no,47.0038464
1/28/2025,28,1,107,soybean,early,no,45.1749312
1/28/2025,28,1,108,soybean,late,yes,56.228256
1/28/2025,28,3,301,corn,early,yes,77.6490624
1/28/2025,28,3,302,corn,late,no,32.6083968
1/28/2025,28,3,303,soybean,early,no,82.2431232
1/28/2025,28,3,304,soybean,late,yes,63.3987648
1/28/2025,28,3,305,corn,early,no,56.6927424
1/28/2025,28,3,308,soybean,late,no,80.595648
1/28/2025,28,5,501,corn,early,no,78.8393088
1/28/2025,28,5,504,soybean,late,yes,181.3746816
1/28/2025,28,5,505,corn,early,yes,117.936
1/28/2025,28,5,506,corn,late,no,78.4256256
1/28/2025,28,5,507,soybean,early,no,12.7878912
1/28/2025,28,5,508,soybean,late,no,11.5903872
1/28/2025,28,2,201,corn,early,no,61.907328
1/28/2025,28,2,202,corn,late,no,33.8966208
1/28/2025,28,2,204,soybean,late,no,97.5675456
1/28/2025,28,2,205,corn,early,yes,44.9172864
1/28/2025,28,2,208,soybean,late,yes,205.9416576
1/28/2025,28,4,401,corn,early,yes,77.8994496
1/28/2025,28,4,403,soybean,early,no,59.0986368
1/28/2025,28,4,404,soybean,late,yes,196.1765568
1/28/2025,28,4,405,corn,early,no,124.8742656
1/28/2025,28,4,406,corn,late,no,130.6622016
1/28/2025,28,4,408,soybean,late,no,136.606176
1/28/2025,28,6,601,corn,early,no,93.4307136
1/28/2025,28,6,602,corn,late,no,311.1296832
1/28/2025,28,6,604,soybean,late,yes,205.0780032
1/28/2025,28,6,605,corn,early,yes,93.1621824
1/28/2025,28,6,607,soybean,early,no,54.6460992
1/28/2025,28,6,608,soybean,late,no,75.5842752
2/25/2025,56,1,101,corn,early,yes,48.8291328
2/25/2025,56,1,102,corn,late,no,6.4374912
2/25/2025,56,1,105,corn,early,no,37.7177472
2/25/2025,56,3,301,corn,early,yes,48.2702976
2/25/2025,56,3,302,corn,late,no,24.7593024
2/25/2025,56,3,304,soybean,late,yes,38.5814016
2/25/2025,56,1,108,soybean,late,yes,23.0864256
2/25/2025,56,3,305,corn,early,no,44.6959296
2/25/2025,56,3,308,soybean,late,no,43.2444096
2/25/2025,56,5,501,corn,early,no,20.8910016
2/25/2025,56,5,504,soybean,late,yes,29.8142208
2/25/2025,56,5,505,corn,early,yes,34.727616
2/25/2025,56,5,506,corn,late,no,26.7007104
2/25/2025,56,5,507,soybean,early,no,10.0082304
2/25/2025,56,5,508,soybean,late,no,19.2544128
2/25/2025,56,2,201,corn,early,no,24.2331264
2/25/2025,56,2,202,corn,late,no,29.012256
2/25/2025,56,2,204,soybean,late,no,19.6572096
2/25/2025,56,2,205,corn,early,yes,35.3844288
2/25/2025,56,2,208,soybean,late,yes,30.5762688
2/25/2025,56,4,401,corn,early,yes,35.4388608
2/25/2025,56,4,403,soybean,early,no,17.3166336
2/25/2025,56,4,404,soybean,late,yes,10.5489216
2/25/2025,56,4,405,corn,early,no,27.070848
2/25/2025,56,4,406,corn,late,no,31.2040512
2/25/2025,56,4,408,soybean,late,no,26.7732864
2/25/2025,56,6,601,corn,early,no,35.19936
2/25/2025,56,6,602,corn,late,no,96.7111488
2/25/2025,56,6,604,soybean,late,yes,28.4606784
2/25/2025,56,6,605,corn,early,yes,27.7022592
2/25/2025,56,6,607,soybean,early,no,18.9495936
2/25/2025,56,6,608,soybean,late,no,15.8723712
2/27/2025,58,1,101,corn,early,yes,5.5593216
2/27/2025,58,1,102,corn,late,no,14.5623744
2/27/2025,58,1,104,soybean,late,no,104.9049792
2/27/2025,58,1,105,corn,early,no,12.7225728
2/27/2025,58,1,107,soybean,early,no,32.2926912
2/27/2025,58,1,108,soybean,late,yes,66.9223296
2/27/2025,58,3,301,corn,early,yes,33.9329088
2/27/2025,58,3,302,corn,late,no,74.93472
2/27/2025,58,3,303,soybean,early,no,51.6704832
2/27/2025,58,3,304,soybean,late,yes,73.592064
2/27/2025,58,3,305,corn,early,no,23.8557312
2/27/2025,58,3,308,soybean,late,no,57.4112448
2/27/2025,58,5,501,corn,early,no,14.9905728
2/27/2025,58,5,504,soybean,late,yes,40.2397632
2/27/2025,58,5,505,corn,early,yes,2.0430144
2/27/2025,58,5,505,corn,early,yes,47.337696
2/27/2025,58,5,506,corn,late,no,25.9713216
2/27/2025,58,5,507,soybean,early,no,27.3284928
2/27/2025,58,5,508,soybean,late,no,46.9893312
2/27/2025,58,2,201,corn,early,no,62.3210112
2/27/2025,58,2,202,corn,late,no,22.3062336
2/27/2025,58,2,203,soybean,early,no,24.5016576
2/27/2025,58,2,204,soybean,late,no,8.4260736
2/27/2025,58,2,208,soybean,late,yes,87.6318912
2/27/2025,58,2,205,corn,early,yes,14.678496
2/27/2025,58,4,401,corn,early,yes,10.2767616
2/27/2025,58,4,403,soybean,early,no,30.0573504
2/27/2025,58,4,404,soybean,late,yes,44.9644608
2/27/2025,58,4,405,corn,early,no,16.2497664
2/27/2025,58,4,406,corn,late,no,200.7016704
2/27/2025,58,4,408,soybean,late,no,28.4715648
2/27/2025,58,6,601,corn,early,no,19.1128896
2/27/2025,58,6,602,corn,late,no,332.053344
2/27/2025,58,6,604,soybean,late,yes,38.6938944
2/27/2025,58,6,608,soybean,late,no,20.2414464
2/27/2025,58,6,607,soybean,early,no,40.878432
2/27/2025,58,6,605,corn,early,yes,4.7246976
3/13/2025,72,6,608,soybean,late,no,13.735008
3/13/2025,72,6,607,soybean,early,no,23.7033216
3/13/2025,72,6,605,corn,early,yes,44.5217472
3/13/2025,72,6,601,corn,early,no,55.4589504
3/13/2025,72,6,602,corn,late,no,59.9332608
3/13/2025,72,6,604,soybean,late,yes,65.1623616
3/13/2025,72,4,408,soybean,late,no,49.6855296
3/13/2025,72,4,406,corn,late,no,78.871968
3/13/2025,72,4,405,corn,early,no,61.1416512
3/13/2025,72,4,401,corn,early,yes,44.5326336
3/13/2025,72,4,403,soybean,early,no,38.5088256
3/13/2025,72,4,404,soybean,late,yes,118.2589632
3/13/2025,72,2,208,soybean,late,yes,68.3702208
3/13/2025,72,2,205,corn,early,yes,100.8008064
3/13/2025,72,2,201,corn,early,no,26.6099904
3/13/2025,72,2,202,corn,late,no,37.576224
3/13/2025,72,2,203,soybean,early,no,50.53104
3/13/2025,72,2,204,soybean,late,no,47.8783872
3/13/2025,72,1,104,soybean,late,no,54.8384256
3/13/2025,72,1,102,corn,late,no,23.151744
3/13/2025,72,1,101,corn,early,yes,29.7706752
3/13/2025,72,1,105,corn,early,no,34.1506368
3/13/2025,72,1,107,soybean,early,no,72.1986048
3/13/2025,72,1,108,soybean,late,yes,45.3854016
3/13/2025,72,3,304,soybean,late,yes,18.6193728
3/13/2025,72,3,303,soybean,early,no,76.7019456
3/13/2025,72,3,302,corn,late,no,44.4818304
3/13/2025,72,3,301,corn,early,yes,37.0246464
3/13/2025,72,3,305,corn,early,no,31.9624704
3/13/2025,72,3,308,soybean,late,no,63.4894848
3/13/2025,72,5,504,soybean,late,yes,51.8120064
3/13/2025,72,5,501,corn,early,no,35.0324352
3/13/2025,72,5,505,corn,early,yes,57.643488
3/13/2025,72,5,506,corn,late,no,50.7777984
3/13/2025,72,5,507,soybean,early,no,54.8601984
3/13/2025,72,5,508,soybean,late,no,73.4541696
3/18/2025,77,1,101,corn,early,yes,6.2451648
3/18/2025,77,1,108,soybean,late,yes,8.0341632
3/18/2025,77,1,107,soybean,early,no,37.140768
3/18/2025,77,3,302,corn,late,no,12.7987776
3/18/2025,77,3,305,corn,early,no,10.9807488
3/18/2025,77,5,501,corn,early,no,13.9817664
3/18/2025,77,5,505,corn,early,yes,16.039296
3/18/2025,77,5,506,corn,late,no,17.2984896
3/18/2025,77,6,607,soybean,early,no,30.6016704
3/18/2025,77,6,601,corn,early,no,15.2917632
3/18/2025,77,4,406,corn,late,no,27.524448
3/18/2025,77,4,404,soybean,late,yes,72.013536
3/18/2025,77,4,401,corn,early,yes,9.4929408
3/18/2025,77,2,208,soybean,late,yes,32.3906688
3/18/2025,77,2,204,soybean,late,no,19.9874304
3/18/2025,77,2,203,soybean,early,no,48.0199104
3/18/2025,77,1,102,corn,late,no,18.2383488
3/18/2025,77,1,104,soybean,late,no,31.2984
3/18/2025,77,1,105,corn,early,no,18.089568
3/18/2025,77,3,301,corn,early,yes,15.894144
3/18/2025,77,3,303,soybean,early,no,38.5632576
3/18/2025,77,3,304,soybean,late,yes,35.2755648
3/18/2025,77,3,308,soybean,late,no,26.072928
3/18/2025,77,5,504,soybean,late,yes,25.6773888
3/18/2025,77,5,508,soybean,late,no,17.7557184
3/18/2025,77,5,507,soybean,early,no,27.0744768
3/18/2025,77,6,605,corn,early,yes,15.4913472
3/18/2025,77,6,608,soybean,late,no,21.0542976
3/18/2025,77,6,604,soybean,late,yes,23.9827392
3/18/2025,77,6,602,corn,late,no,27.8982144
3/18/2025,77,4,405,corn,early,no,15.0704064
3/18/2025,77,4,408,soybean,late,no,11.6811072
3/18/2025,77,4,403,soybean,early,no,17.1896256
3/18/2025,77,2,205,corn,early,yes,23.4311616
3/18/2025,77,2,201,corn,early,no,18.2564928
3/18/2025,77,2,202,corn,late,no,20.3176512
3/21/2025,80,6,608,soybean,late,no,14.1849792
3/21/2025,80,6,604,soybean,late,yes,14.950656
3/21/2025,80,6,602,corn,late,no,14.3627904
3/21/2025,80,6,601,corn,early,no,17.998848
3/21/2025,80,4,405,corn,early,no,12.4141248
3/21/2025,80,4,401,corn,early,yes,15.9703488
3/21/2025,80,4,404,soybean,late,yes,12.7334592
3/21/2025,80,2,208,soybean,late,yes,21.3083136
3/21/2025,80,2,204,soybean,late,no,15.6873024
3/21/2025,80,2,201,corn,early,no,15.9231744
3/21/2025,80,5,507,soybean,early,no,2.2607424
3/21/2025,80,5,506,corn,late,no,28.7364672
3/21/2025,80,5,501,corn,early,no,30.082752
3/21/2025,80,3,305,corn,early,no,12.9112704
3/21/2025,80,3,301,corn,early,yes,4.7101824
3/21/2025,80,1,107,soybean,early,no,24.6794688
3/21/2025,80,1,105,corn,early,no,17.8645824
3/21/2025,80,6,607,soybean,early,no,58.8010752
3/21/2025,80,6,605,corn,early,yes,5.0912064
3/21/2025,80,4,408,soybean,late,no,20.2015296
3/21/2025,80,4,406,corn,late,no,16.2679104
3/21/2025,80,4,403,soybean,early,no,21.2575104
3/21/2025,80,2,205,corn,early,yes,4.0497408
3/21/2025,80,2,203,soybean,early,no,11.6593344
3/21/2025,80,2,202,corn,late,no,5.062176
3/21/2025,80,5,508,soybean,late,no,19.7297856
3/21/2025,80,5,506,corn,late,no,20.539008
3/21/2025,80,5,504,soybean,late,yes,18.742752
3/21/2025,80,3,308,soybean,late,no,28.7473536
3/21/2025,80,3,304,soybean,late,yes,19.668096
3/21/2025,80,3,303,soybean,early,no,43.2770688
3/21/2025,80,3,302,corn,late,no,18.1403712
3/21/2025,80,1,108,soybean,late,yes,30.862944
3/21/2025,80,1,104,soybean,late,no,25.0350912
3/21/2025,80,1,102,corn,late,no,8.6764608
3/21/2025,80,1,101,corn,early,yes,21.1341312
3/25/2025,84,2,201,corn,early,no,6.1181568
3/25/2025,84,2,202,corn,late,no,21.1486464
3/25/2025,84,2,203,soybean,early,no,23.714208
3/25/2025,84,2,204,soybean,late,no,21.645792
3/25/2025,84,2,208,soybean,late,yes,21.5695872
3/25/2025,84,2,205,corn,early,yes,33.1200576
3/25/2025,84,4,401,corn,early,yes,21.8344896
3/25/2025,84,4,403,soybean,early,no,25.3616832
3/25/2025,84,4,404,soybean,late,yes,49.8016512
3/25/2025,84,4,408,soybean,late,no,50.2117056
3/25/2025,84,4,406,corn,late,no,12.2798592
3/25/2025,84,4,405,corn,early,no,17.1751104
3/25/2025,84,6,601,corn,early,no,19.8567936
3/25/2025,84,6,602,corn,late,no,46.1982528
3/25/2025,84,6,604,soybean,late,yes,31.951584
3/25/2025,84,6,608,soybean,late,no,48.1868352
3/25/2025,84,6,607,soybean,early,no,55.3319424
3/25/2025,84,6,605,corn,early,yes,2.7324864
3/25/2025,84,1,101,corn,early,yes,23.079168
3/25/2025,84,1,102,corn,late,no,22.3860672
3/25/2025,84,1,104,soybean,late,no,17.889984
3/25/2025,84,3,301,corn,early,yes,27.2268864
3/25/2025,84,3,302,corn,late,no,21.4570944
3/25/2025,84,3,303,soybean,early,no,33.5010816
3/25/2025,84,3,304,soybean,late,yes,21.5478144
3/25/2025,84,3,308,soybean,late,no,33.4684224
3/25/2025,84,3,305,corn,early,no,26.1527616
3/25/2025,84,5,501,corn,early,no,52.6865472
3/25/2025,84,5,504,soybean,late,yes,41.2485696
3/25/2025,84,5,508,soybean,late,no,29.5456896
3/25/2025,84,5,507,soybean,early,no,36.3025152
3/25/2025,84,5,506,corn,late,no,37.3149504
3/25/2025,84,5,505,corn,early,yes,22.0848768
3/27/2025,86,6,608,soybean,late,no,15.3207936
3/27/2025,86,6,607,soybean,early,no,40.0764672
3/27/2025,86,6,605,corn,early,yes,39.4305408
3/27/2025,86,6,601,corn,early,no,98.70336
3/27/2025,86,6,602,corn,late,no,31.4290368
3/27/2025,86,6,604,soybean,late,yes,32.0023872
3/27/2025,86,4,408,soybean,late,no,32.0096448
3/27/2025,86,4,406,corn,late,no,25.6411008
3/27/2025,86,4,405,corn,early,no,19.0221696
3/27/2025,86,4,401,corn,early,yes,44.0826624
3/27/2025,86,4,403,soybean,early,no,19.41408
3/27/2025,86,4,404,soybean,late,yes,41.0925312
3/27/2025,86,2,208,soybean,late,yes,13.1689152
3/27/2025,86,2,205,corn,early,yes,48.8726784
3/27/2025,86,2,201,corn,early,no,15.4151424
3/27/2025,86,2,202,corn,late,no,30.3657984
3/27/2025,86,2,203,soybean,early,no,26.3015424
3/27/2025,86,2,204,soybean,late,no,42.9178176
3/27/2025,86,5,508,soybean,late,no,44.8193088
3/27/2025,86,5,507,soybean,early,no,56.8306368
3/27/2025,86,5,505,corn,early,yes,56.2681728
3/27/2025,86,5,501,corn,early,no,22.8106368
3/27/2025,86,5,504,soybean,late,yes,35.1521856
3/27/2025,86,3,308,soybean,late,no,53.8223616
3/27/2025,86,3,305,corn,early,no,26.5301568
3/27/2025,86,3,301,corn,early,yes,15.9630912
3/27/2025,86,3,302,corn,late,no,27.524448
3/27/2025,86,3,303,soybean,early,no,44.8120512
3/27/2025,86,3,304,soybean,late,yes,16.3332288
3/27/2025,86,1,108,soybean,late,yes,23.3005248
3/27/2025,86,1,107,soybean,early,no,15.69456
3/27/2025,86,1,105,corn,early,no,31.153248
3/27/2025,86,1,101,corn,early,yes,9.9574272
3/27/2025,86,1,102,corn,late,no,15.9739776
3/27/2025,86,1,104,soybean,late,no,22.2917184
4/10/2025,100,2,201,corn,early,no,152.2571904
4/10/2025,100,2,202,corn,late,no,145.551168
4/10/2025,100,2,203,soybean,early,no,119.623392
4/10/2025,100,2,204,soybean,late,no,31.9007808
4/10/2025,100,2,208,soybean,late,yes,299.2961664
4/10/2025,100,2,207,soybean,early,yes,171.6676416
4/10/2025,100,2,206,corn,late,yes,182.2818816
4/10/2025,100,2,205,corn,early,yes,81.085536
4/10/2025,100,4,401,corn,early,yes,306.1945152
4/10/2025,100,4,402,corn,late,yes,115.432128
4/10/2025,100,4,403,soybean,early,no,278.7426432
4/10/2025,100,4,404,soybean,late,yes,27.1760832
4/10/2025,100,4,408,soybean,late,no,45.2765376
4/10/2025,100,4,407,soybean,early,yes,353.6229312
4/10/2025,100,4,406,corn,late,no,535.33872
4/10/2025,100,4,405,corn,early,no,68.5081152
4/10/2025,100,6,601,corn,early,no,91.3876992
4/10/2025,100,6,602,corn,late,no,55.8617472
4/10/2025,100,6,603,soybean,early,yes,248.6889216
4/10/2025,100,6,604,soybean,late,yes,614.2034304
4/10/2025,100,6,608,soybean,late,no,29.4803712
4/10/2025,100,6,607,soybean,early,no,59.4651456
4/10/2025,100,6,606,corn,late,yes,42.221088
4/10/2025,100,6,605,corn,early,yes,113.0117184
4/10/2025,100,1,101,corn,early,yes,61.3122048
4/10/2025,100,1,102,corn,late,no,176.5846656
4/10/2025,100,1,103,soybean,early,yes,210.3143616
4/10/2025,100,1,104,soybean,late,no,142.1074368
4/10/2025,100,1,108,soybean,late,yes,60.2271936
4/10/2025,100,1,107,soybean,early,no,102.1579776
4/10/2025,100,1,106,corn,late,yes,82.6785792
4/10/2025,100,1,105,corn,early,no,67.241664
4/10/2025,100,3,301,corn,early,yes,350.1683136
4/10/2025,100,3,302,corn,late,no,104.4477504
4/10/2025,100,3,303,soybean,early,no,272.7442368
4/10/2025,100,3,304,soybean,late,yes,227.326176
4/10/2025,100,3,308,soybean,late,no,48.3319872
4/10/2025,100,3,307,soybean,early,yes,65.3329152
4/10/2025,100,3,306,corn,late,yes,181.548864
4/10/2025,100,3,305,corn,early,no,102.3067584
4/10/2025,100,5,501,corn,early,no,159.884928
4/10/2025,100,5,502,corn,late,yes,68.4645696
4/10/2025,100,5,503,soybean,early,yes,124.9613568
4/10/2025,100,5,504,soybean,late,yes,169.1165952
4/10/2025,100,5,508,soybean,late,no,31.752
4/10/2025,100,5,507,soybean,early,no,275.9484672
4/10/2025,100,5,506,corn,late,no,30.0936384
4/10/2025,100,5,505,corn,early,yes,97.4913408
4/18/2025,108,6,608,soybean,late,no,32.3253504
4/18/2025,108,6,607,soybean,early,no,35.090496
4/18/2025,108,6,606,corn,late,yes,67.513824
4/18/2025,108,6,601,corn,early,no,98.5328064
4/18/2025,108,6,602,corn,late,no,42.4097856
4/18/2025,108,6,604,soybean,late,yes,146.8684224
4/18/2025,108,4,408,soybean,late,no,14.5297152
4/18/2025,108,4,406,corn,late,no,189.5031936
4/18/2025,108,4,405,corn,early,no,55.6149888
4/18/2025,108,4,402,corn,late,yes,24.0153984
4/18/2025,108,4,403,soybean,early,no,167.7521664
4/18/2025,108,4,404,soybean,late,yes,9.7469568
4/18/2025,108,2,208,soybean,late,yes,10.79568
4/18/2025,108,2,206,corn,late,yes,23.786784
4/18/2025,108,2,204,soybean,late,no,9.3840768
4/18/2025,108,2,203,soybean,early,no,116.2921536
4/18/2025,108,2,202,corn,late,no,96.0615936
4/18/2025,108,2,201,corn,early,no,171.152352
4/18/2025,108,5,508,soybean,late,no,18.0931968
4/18/2025,108,5,507,soybean,early,no,215.786592
4/18/2025,108,5,506,corn,late,no,63.8269632
4/18/2025,108,5,504,soybean,late,yes,11.4089472
4/18/2025,108,5,502,corn,late,yes,34.8981696
4/18/2025,108,5,501,corn,early,no,60.1800192
4/18/2025,108,3,305,corn,early,no,42.5694528
4/18/2025,108,3,306,corn,late,yes,52.9659648
4/18/2025,108,3,308,soybean,late,no,25.4233728
4/18/2025,108,3,304,soybean,late,yes,84.55104
4/18/2025,108,3,303,soybean,early,no,118.9738368
4/18/2025,108,3,302,corn,late,no,25.3362816
4/18/2025,108,1,105,corn,early,no,65.8518336
4/18/2025,108,1,106,corn,late,yes,28.8707328
4/18/2025,108,1,107,soybean,early,no,27.1289088
4/18/2025,108,1,108,soybean,late,yes,22.4042112
4/18/2025,108,1,104,soybean,late,no,36.9883584
4/18/2025,108,1,102,corn,late,no,51.274944
4/25/2025,115,2,201,corn,early,no,312.4868544
4/25/2025,115,2,203,soybean,early,no,253.8454464
4/25/2025,115,2,204,soybean,late,no,14.6893824
4/25/2025,115,2,208,soybean,late,yes,72.6014016
4/25/2025,115,2,206,corn,late,yes,138.1375296
4/25/2025,115,4,402,corn,late,yes,129.7150848
4/25/2025,115,4,403,soybean,early,no,160.3312704
4/25/2025,115,4,404,soybean,late,yes,185.8961664
4/25/2025,115,4,408,soybean,late,no,6.1798464
4/25/2025,115,4,406,corn,late,no,870.2697024
4/25/2025,115,4,405,corn,early,no,460.3350528
4/25/2025,115,6,601,corn,early,no,241.1809344
4/25/2025,115,6,602,corn,late,no,167.8791744
4/25/2025,115,6,604,soybean,late,yes,195.4544256
4/25/2025,115,6,608,soybean,late,no,34.0708032
4/25/2025,115,2,202,corn,late,no,532.4647104
4/25/2025,115,1,102,corn,late,no,752.1849216
4/25/2025,115,1,104,soybean,late,no,135.372384
4/25/2025,115,1,108,soybean,late,yes,57.3858432
4/25/2025,115,1,107,soybean,early,no,36.0811584
4/25/2025,115,1,106,corn,late,yes,169.6064832
4/25/2025,115,1,105,corn,early,no,495.1533888
4/25/2025,115,3,302,corn,late,no,218.4283584
4/25/2025,115,3,303,soybean,early,no,111.0666816
4/25/2025,115,3,304,soybean,late,yes,89.3120256
4/25/2025,115,3,308,soybean,late,no,26.6426496
4/25/2025,115,3,306,corn,late,yes,189.659232
4/25/2025,115,3,305,corn,early,no,1112.913043
4/25/2025,115,5,501,corn,early,no,196.971264
4/25/2025,115,5,502,corn,late,yes,189.731808
4/25/2025,115,5,504,soybean,late,yes,41.00544
4/25/2025,115,5,508,soybean,late,no,46.7970048
4/25/2025,115,5,507,soybean,early,no,97.778016
4/25/2025,115,5,506,corn,late,no,383.2303104
4/25/2025,115,6,606,corn,late,yes,436.5700416
4/25/2025,115,6,607,soybean,early,no,19.6354368
5/1/2025,121,6,608,soybean,late,no,95.2959168
5/1/2025,121,6,607,soybean,early,no,45.1495296
5/1/2025,121,6,606,corn,late,yes,349.0324992
5/1/2025,121,6,601,corn,early,no,228.9083328
5/1/2025,121,4,405,corn,early,no,345.3202368
5/1/2025,121,6,602,corn,late,no,222.6776832
5/1/2025,121,6,604,soybean,late,yes,244.0803456
5/1/2025,121,4,408,soybean,late,no,52.8135552
5/1/2025,121,4,406,corn,late,no,1158.617779
5/1/2025,121,4,402,corn,late,yes,94.1201856
5/1/2025,121,4,403,soybean,early,no,306.9638208
5/1/2025,121,4,404,soybean,late,yes,84.424032
5/1/2025,121,2,208,soybean,late,yes,408.6427968
5/1/2025,121,2,206,corn,late,yes,118.20816
5/1/2025,121,2,201,corn,early,no,565.3089792
5/1/2025,121,2,202,corn,late,no,464.5009152
5/1/2025,121,2,203,soybean,early,no,453.4439616
5/1/2025,121,2,204,soybean,late,no,58.006368
5/1/2025,121,5,508,soybean,late,no,63.6382656
5/1/2025,121,5,507,soybean,early,no,43.872192
5/1/2025,121,5,506,corn,late,no,206.9395776
5/1/2025,121,5,505,corn,early,yes,310.3095744
5/1/2025,121,5,501,corn,early,no,251.2363392
5/1/2025,121,5,502,corn,late,yes,115.6389696
5/1/2025,121,5,504,soybean,late,yes,69.836256
5/1/2025,121,3,308,soybean,late,no,59.1566976
5/1/2025,121,3,306,corn,late,yes,173.6417088
5/1/2025,121,3,305,corn,early,no,410.907168
5/1/2025,121,3,302,corn,late,no,108.3124224
5/1/2025,121,3,303,soybean,early,no,107.4596544
5/1/2025,121,3,304,soybean,late,yes,219.4807104
5/1/2025,121,1,108,soybean,late,yes,44.035488
5/1/2025,121,1,107,soybean,early,no,34.219584
5/1/2025,121,1,106,corn,late,yes,147.0426048
5/1/2025,121,1,105,corn,early,no,279.9220032
5/1/2025,121,1,102,corn,late,no,189.3616704
5/1/2025,121,1,104,soybean,late,no,130.9525056
5/6/2025,126,2,201,corn,early,no,1157.108198
5/6/2025,126,2,202,corn,late,no,633.4578432
5/6/2025,126,2,203,soybean,early,no,504.3342528
5/6/2025,126,2,204,soybean,late,no,102.9889728
5/6/2025,126,2,208,soybean,late,yes,81.6625152
5/6/2025,126,2,206,corn,late,yes,342.957888
5/6/2025,126,4,402,corn,late,yes,223.2836928
5/6/2025,126,4,403,soybean,early,no,376.6222656
5/6/2025,126,4,404,soybean,late,yes,89.0180928
5/6/2025,126,4,408,soybean,late,no,103.1087232
5/6/2025,126,4,406,corn,late,no,2632.044845
5/6/2025,126,4,405,corn,early,no,436.653504
5/6/2025,126,6,601,corn,early,no,616.7399616
5/6/2025,126,6,602,corn,late,no,352.6213824
5/6/2025,126,6,604,soybean,late,yes,545.898528
5/6/2025,126,6,608,soybean,late,no,152.77248
5/6/2025,126,6,607,soybean,early,no,113.8862592
5/6/2025,126,1,102,corn,late,no,325.0025856
5/6/2025,126,1,104,soybean,late,no,219.1541184
5/6/2025,126,1,108,soybean,late,yes,303.0120576
5/6/2025,126,3,304,soybean,late,yes,276.6669696
5/6/2025,126,3,303,soybean,early,no,128.6083008
5/6/2025,126,3,302,corn,late,no,258.8277888
5/6/2025,126,3,305,corn,early,no,604.2605184
5/6/2025,126,3,306,corn,late,yes,453.7959552
5/6/2025,126,3,308,soybean,late,no,127.3273344
5/6/2025,126,5,504,soybean,late,yes,138.402432
5/6/2025,126,5,502,corn,late,yes,329.712768
5/6/2025,126,5,501,corn,early,no,411.923232
5/6/2025,126,5,506,corn,late,no,478.439136
5/6/2025,126,5,507,soybean,early,no,89.0725248
5/6/2025,126,5,508,soybean,late,no,97.2191808
5/6/2025,126,6,606,corn,late,yes,495.5961024
5/8/2025,128,6,608,soybean,late,no,133.1152704
5/8/2025,128,6,607,soybean,early,no,119.6487936
5/8/2025,128,6,606,corn,late,yes,364.1754816
5/8/2025,128,6,601,corn,early,no,516.1677696
5/8/2025,128,6,602,corn,late,no,293.7005568
5/8/2025,128,6,604,soybean,late,yes,409.6479744
5/8/2025,128,4,408,soybean,late,no,90.683712
5/8/2025,128,4,406,corn,late,no,1366.936301
5/8/2025,128,4,405,corn,early,no,196.0168896
5/8/2025,128,4,402,corn,late,yes,106.3202112
5/8/2025,128,4,403,soybean,early,no,969.3468288
5/8/2025,128,4,404,soybean,late,yes,57.3749568
5/8/2025,128,2,208,soybean,late,yes,32.3253504
5/8/2025,128,2,206,corn,late,yes,187.3404288
5/8/2025,128,2,204,soybean,late,no,117.500544
5/8/2025,128,2,203,soybean,early,no,661.3887168
5/8/2025,128,2,202,corn,late,no,428.779008
5/8/2025,128,2,201,corn,early,no,793.3572864
5/8/2025,128,5,508,soybean,late,no,253.1378304
5/8/2025,128,5,507,soybean,early,no,109.1942208
5/8/2025,128,5,506,corn,late,no,231.553728
5/8/2025,128,5,501,corn,early,no,217.9711296
5/8/2025,128,3,305,corn,early,no,364.821408
5/8/2025,128,3,306,corn,late,yes,340.1891136
5/8/2025,128,3,308,soybean,late,no,145.841472
5/8/2025,128,3,304,soybean,late,yes,217.3506048
5/8/2025,128,3,303,soybean,early,no,174.9045312
5/8/2025,128,3,302,corn,late,no,171.406368
5/8/2025,128,1,105,corn,early,no,231.7896
5/8/2025,128,1,106,corn,late,yes,224.8622208
5/8/2025,128,1,107,soybean,early,no,70.6672512
5/8/2025,128,1,108,soybean,late,yes,117.7291584
5/8/2025,128,1,104,soybean,late,no,451.8327744
5/8/2025,128,1,102,corn,late,no,301.1432256
5/13/2025,133,2,201,corn,early,no,663.1704576
5/13/2025,133,2,202,corn,late,no,322.2955008
5/13/2025,133,2,203,soybean,early,no,418.2954048
5/13/2025,133,2,204,soybean,late,no,84.4820928
5/13/2025,133,2,208,soybean,late,yes,63.7689024
5/13/2025,133,2,207,soybean,early,yes,194.1879744
5/13/2025,133,2,206,corn,late,yes,184.3756992
5/13/2025,133,2,205,corn,early,yes,1419.543014
5/13/2025,133,4,401,corn,early,yes,1353.87625
5/13/2025,133,4,402,corn,late,yes,196.4850048
5/13/2025,133,4,403,soybean,early,no,352.3310784
5/13/2025,133,4,404,soybean,late,yes,44.1516096
5/13/2025,133,4,408,soybean,late,no,94.0149504
5/13/2025,133,4,407,soybean,early,yes,124.8270912
5/13/2025,133,4,406,corn,late,no,845.2309824
5/13/2025,133,4,405,corn,early,no,200.5420032
5/13/2025,133,6,601,corn,early,no,401.5884096
5/13/2025,133,6,602,corn,late,no,213.9939648
5/13/2025,133,6,603,soybean,early,yes,318.844512
5/13/2025,133,6,604,soybean,late,yes,412.5183552
5/13/2025,133,6,608,soybean,late,no,90.6256512
5/13/2025,133,6,607,soybean,early,no,153.026496
5/13/2025,133,6,606,corn,late,yes,277.1967744
5/13/2025,133,6,605,corn,early,yes,433.0355904
5/13/2025,133,1,101,corn,early,yes,66.6501696
5/13/2025,133,1,102,corn,late,no,243.782784
5/13/2025,133,1,103,soybean,early,yes,206.369856
5/13/2025,133,1,104,soybean,late,no,229.7175552
5/13/2025,133,1,108,soybean,late,yes,75.7294272
5/13/2025,133,1,107,soybean,early,no,47.7586368
5/13/2025,133,1,106,corn,late,yes,128.5720128
5/13/2025,133,1,105,corn,early,no,86.8807296
5/13/2025,133,3,301,corn,early,yes,434.9007936
5/13/2025,133,3,302,corn,late,no,163.5355008
5/13/2025,133,3,303,soybean,early,no,137.5786944
5/13/2025,133,3,304,soybean,late,yes,115.03296
5/13/2025,133,3,308,soybean,late,no,158.324544
5/13/2025,133,3,307,soybean,early,yes,140.144256
5/13/2025,133,3,306,corn,late,yes,230.3308224
5/13/2025,133,3,305,corn,early,no,220.6600704
5/13/2025,133,5,501,corn,early,no,144.480672
5/13/2025,133,5,502,corn,late,yes,145.3261824
5/13/2025,133,5,503,soybean,early,yes,117.4352256
5/13/2025,133,5,504,soybean,late,yes,140.1152256
5/13/2025,133,5,508,soybean,late,no,322.7926464
5/13/2025,133,5,507,soybean,early,no,353.7680832
5/13/2025,133,5,506,corn,late,no,155.911392
5/13/2025,133,5,505,corn,early,yes,362.099808
5/23/2025,143,6,606,corn,late,yes,3690.09769
5/23/2025,143,6,607,soybean,early,no,580.807584
5/23/2025,143,6,608,soybean,late,no,84.5437824
5/23/2025,143,6,604,soybean,late,yes,315.7527744
5/23/2025,143,6,602,corn,late,no,2809.398816
5/23/2025,143,6,601,corn,early,no,873.8222976
5/23/2025,143,4,405,corn,early,no,464.649696
5/23/2025,143,4,406,corn,late,no,547.1794944
5/23/2025,143,4,408,soybean,late,no,579.7116864
5/23/2025,143,4,404,soybean,late,yes,2585.465568
5/23/2025,143,4,403,soybean,early,no,719.6599872
5/23/2025,143,4,402,corn,late,yes,146.9010816
5/23/2025,143,2,206,corn,late,yes,694.5378048
5/23/2025,143,2,208,soybean,late,yes,1358.807789
5/23/2025,143,2,204,soybean,late,no,959.146272
5/23/2025,143,2,203,soybean,early,no,901.0020096
5/23/2025,143,2,202,corn,late,no,4445.664653
5/23/2025,143,2,201,corn,early,no,2012.165971
5/23/2025,143,5,507,soybean,early,no,714.311136
5/23/2025,143,5,508,soybean,late,no,75.7548288
5/23/2025,143,5,506,corn,late,no,167.9154624
5/23/2025,143,5,501,corn,early,no,549.2769408
5/23/2025,143,5,502,corn,late,yes,601.5606912
5/23/2025,143,5,504,soybean,late,yes,123.3211392
5/23/2025,143,3,308,soybean,late,no,502.2368064
5/23/2025,143,3,306,corn,late,yes,3860.858131
5/23/2025,143,3,305,corn,early,no,4707.79465
5/23/2025,143,3,302,corn,late,no,3091.596077
5/23/2025,143,3,303,soybean,early,no,585.0278784
5/23/2025,143,3,304,soybean,late,yes,632.3692032
5/23/2025,143,1,108,soybean,late,yes,518.863968
5/23/2025,143,1,107,soybean,early,no,271.4306112
5/23/2025,143,1,106,corn,late,yes,1527.804634
5/23/2025,143,1,105,corn,early,no,581.4462528
5/23/2025,143,1,102,corn,late,no,95.5608192
5/23/2025,143,1,104,soybean,late,no,466.990272
5/28/2025,148,2,201,corn,early,no,937.1303424
5/28/2025,148,2,202,corn,late,no,729.914976
5/28/2025,148,2,203,soybean,early,no,785.3303808
5/28/2025,148,2,204,soybean,late,no,148.4868672
5/28/2025,148,2,208,soybean,late,yes,82.1415168
5/28/2025,148,2,206,corn,late,yes,188.8572672
5/28/2025,148,4,402,corn,late,yes,141.722784
5/28/2025,148,4,403,soybean,early,no,299.793312
5/28/2025,148,4,404,soybean,late,yes,166.6090944
5/28/2025,148,4,408,soybean,late,no,113.0443776
5/28/2025,148,4,406,corn,late,no,252.1181376
5/28/2025,148,4,405,corn,early,no,246.5878464
5/28/2025,148,6,601,corn,early,no,420.4472832
5/28/2025,148,6,602,corn,late,no,280.8945216
5/28/2025,148,6,604,soybean,late,yes,121.4885952
5/28/2025,148,6,608,soybean,late,no,34.8800256
5/28/2025,148,6,607,soybean,early,no,219.2847552
5/28/2025,148,6,606,corn,late,yes,266.1615936
5/28/2025,148,1,102,corn,late,no,107.539488
5/28/2025,148,1,104,soybean,late,no,158.2918848
5/28/2025,148,1,108,soybean,late,yes,103.5913536
5/28/2025,148,1,107,soybean,early,no,186.5457216
5/28/2025,148,1,106,corn,late,yes,137.3210496
5/28/2025,148,1,105,corn,early,no,226.201248
5/28/2025,148,3,302,corn,late,no,284.298336
5/28/2025,148,3,303,soybean,early,no,130.6113984
5/28/2025,148,3,304,soybean,late,yes,122.0655744
5/28/2025,148,3,308,soybean,late,no,135.6336576
5/28/2025,148,3,306,corn,late,yes,333.7661376
5/28/2025,148,3,305,corn,early,no,362.3465664
5/28/2025,148,5,501,corn,early,no,228.305952
5/28/2025,148,5,502,corn,late,yes,156.6806976
5/28/2025,148,5,504,soybean,late,yes,35.3517696
5/28/2025,148,5,508,soybean,late,no,53.0566848
5/28/2025,148,5,507,soybean,early,no,212.37552
5/28/2025,148,5,506,corn,late,no,87.3597312
6/5/2025,156,6,606,corn,late,yes,285.477696
6/5/2025,156,6,607,soybean,early,no,256.5235008
6/5/2025,156,6,608,soybean,late,no,347.3959104
6/5/2025,156,6,604,soybean,late,yes,412.2461952
6/5/2025,156,6,602,corn,late,no,184.1144256
6/5/2025,156,6,601,corn,early,no,428.0423616
6/5/2025,156,4,405,corn,early,no,301.1976576
6/5/2025,156,4,406,corn,late,no,212.8508928
6/5/2025,156,4,408,soybean,late,no,489.4561728
6/5/2025,156,4,404,soybean,late,yes,368.5300416
6/5/2025,156,4,403,soybean,early,no,341.01648
6/5/2025,156,4,402,corn,late,yes,143.8528896
6/5/2025,156,2,206,corn,late,yes,179.7018048
6/5/2025,156,2,208,soybean,late,yes,372.8737152
6/5/2025,156,2,204,soybean,late,no,520.2283968
6/5/2025,156,2,203,soybean,early,no,593.9402112
6/5/2025,156,2,202,corn,late,no,441.3999744
6/5/2025,156,2,201,corn,early,no,482.5070208
6/5/2025,156,5,508,soybean,late,no,913.2891264
6/5/2025,156,5,507,soybean,early,no,268.6872384
6/5/2025,156,5,506,corn,late,no,105.8012928
6/5/2025,156,5,505,corn,early,yes,137.9089152
6/5/2025,156,5,502,corn,late,yes,111.9920256
6/5/2025,156,5,503,soybean,early,yes,551.2401216
6/5/2025,156,3,308,soybean,late,no,325.612224
6/5/2025,156,3,306,corn,late,yes,173.3260032
6/5/2025,156,3,302,corn,late,no,141.5558592
6/5/2025,156,3,303,soybean,early,no,226.183104
6/5/2025,156,3,304,soybean,late,yes,322.0850304
6/5/2025,156,1,108,soybean,late,yes,408.42144
6/5/2025,156,1,107,soybean,early,no,217.1619072
6/5/2025,156,1,106,corn,late,yes,134.247456
6/5/2025,156,1,105,corn,early,no,155.7698688
6/5/2025,156,1,102,corn,late,no,96.7038912
6/5/2025,156,1,104,soybean,late,no,212.4734976
6/10/2025,161,2,201,corn,early,no,426.7940544
6/10/2025,161,4,405,corn,early,no,352.1423808
6/10/2025,161,6,601,corn,early,no,572.4468288
6/10/2025,161,6,606,corn,late,yes,245.9890944
6/10/2025,161,6,602,corn,late,no,171.5188608
6/10/2025,161,4,406,corn,late,no,216.6829056
6/10/2025,161,4,402,corn,late,yes,133.2059904
6/10/2025,161,2,206,corn,late,yes,156.3359616
6/10/2025,161,2,202,corn,late,no,266.753088
6/10/2025,161,2,203,soybean,early,no,254.4079104
6/10/2025,161,2,204,soybean,late,no,263.4835392
6/10/2025,161,2,208,soybean,late,yes,290.3366592
6/10/2025,161,4,403,soybean,early,no,395.8149888
6/10/2025,161,4,404,soybean,late,yes,200.8250496
6/10/2025,161,4,408,soybean,late,no,327.31776
6/10/2025,161,6,604,soybean,late,yes,357.9920064
6/10/2025,161,6,608,soybean,late,no,160.2877248
6/10/2025,161,6,607,soybean,early,no,242.3965824
6/10/2025,161,5,508,soybean,late,no,615.8871936
6/10/2025,161,5,507,soybean,early,no,128.6881344
6/10/2025,161,5,504,soybean,late,yes,901.1072448
6/10/2025,161,1,102,corn,late,no,135.2889216
6/10/2025,161,1,106,corn,late,yes,130.4989056
6/10/2025,161,3,302,corn,late,no,113.6757888
6/10/2025,161,3,306,corn,late,yes,151.6148928
6/10/2025,161,5,502,corn,late,yes,133.2386496
6/10/2025,161,5,506,corn,late,no,132.8104512
6/10/2025,161,5,501,corn,early,no,138.8088576
6/10/2025,161,3,305,corn,early,no,121.3543296
6/10/2025,161,1,105,corn,early,no,142.3614528
6/10/2025,161,1,104,soybean,late,no,363.7654272
6/10/2025,161,1,108,soybean,late,yes,385.1281728
6/10/2025,161,1,107,soybean,early,no,77.9575104
6/10/2025,161,3,303,soybean,early,no,133.8773184
6/10/2025,161,3,304,soybean,late,yes,217.782432
6/10/2025,161,3,308,soybean,late,no,171.5406336
6/19/2025,170,5,506,corn,late,no,936.0417024
6/19/2025,170,5,502,corn,late,yes,996.2761536
6/19/2025,170,3,306,corn,late,yes,740.4421248
6/19/2025,170,3,302,corn,late,no,1868.472749
6/19/2025,170,1,106,corn,late,yes,992.3969664
6/19/2025,170,1,102,corn,late,no,720.8937792
6/19/2025,170,1,104,soybean,late,no,1533.247834
6/19/2025,170,1,108,soybean,late,yes,1400.411981
6/19/2025,170,1,107,soybean,early,no,472.1540544
6/19/2025,170,3,304,soybean,late,yes,1114.607693
6/19/2025,170,3,303,soybean,early,no,518.4793152
6/19/2025,170,3,308,soybean,late,no,144.4044672
6/19/2025,170,5,504,soybean,late,yes,1034.229773
6/19/2025,170,5,508,soybean,late,no,804.6537408
6/19/2025,170,5,507,soybean,early,no,1061.220787
6/19/2025,170,5,501,corn,early,no,1312.41721
6/19/2025,170,3,305,corn,early,no,2764.528704
6/19/2025,170,1,105,corn,early,no,1772.922816
6/19/2025,170,6,601,corn,early,no,2913.157094
6/19/2025,170,4,405,corn,early,no,2427.794208
6/19/2025,170,2,201,corn,early,no,3611.370874
6/19/2025,170,2,202,corn,late,no,2791.073376
6/19/2025,170,2,206,corn,late,yes,1006.044883
6/19/2025,170,4,402,corn,late,yes,2208.883219
6/19/2025,170,4,406,corn,late,no,2857.756205
6/19/2025,170,6,602,corn,late,no,11038.55921
6/19/2025,170,6,606,corn,late,yes,4377.02953
6/19/2025,170,6,607,soybean,early,no,206.678304
6/19/2025,170,4,403,soybean,early,no,582.3171648
6/19/2025,170,2,203,soybean,early,no,616.569408
6/19/2025,170,2,204,soybean,late,no,625.1805504
6/19/2025,170,2,208,soybean,late,yes,2599.323955
6/19/2025,170,4,404,soybean,late,yes,1823.08009
6/19/2025,170,4,408,soybean,late,no,744.6406464
6/19/2025,170,6,604,soybean,late,yes,1688.683853
6/19/2025,170,6,608,soybean,late,no,576.8558208
6/26/2025,177,6,601,corn,early,no,382.4065728
6/26/2025,177,4,405,corn,early,no,741.6650304
6/26/2025,177,2,201,corn,early,no,549.4801536
6/26/2025,177,2,202,corn,late,no,121.3942464
6/26/2025,177,2,206,corn,late,yes,387.2727936
6/26/2025,177,4,402,corn,late,yes,450.7913088
6/26/2025,177,4,406,corn,late,no,285.0567552
6/26/2025,177,6,602,corn,late,no,437.9635008
6/26/2025,177,6,606,corn,late,yes,328.370112
6/26/2025,177,6,607,soybean,early,no,164.8164672
6/26/2025,177,4,403,soybean,early,no,875.611296
6/26/2025,177,2,203,soybean,early,no,222.7176
6/26/2025,177,2,204,soybean,late,no,161.082432
6/26/2025,177,2,208,soybean,late,yes,1829.633702
6/26/2025,177,4,404,soybean,late,yes,10181.95557
6/26/2025,177,4,408,soybean,late,no,1972.336262
6/26/2025,177,6,604,soybean,late,yes,1943.588909
6/26/2025,177,6,608,soybean,late,no,449.6917824
6/26/2025,177,5,508,soybean,late,no,2454.934003
6/26/2025,177,5,507,soybean,early,no,352.7411328
6/26/2025,177,5,504,soybean,late,yes,5795.690746
6/26/2025,177,3,308,soybean,late,no,975.0004992
6/26/2025,177,3,304,soybean,late,yes,1744.668979
6/26/2025,177,3,303,soybean,early,no,57.9664512
6/26/2025,177,1,107,soybean,early,no,344.7505152
6/26/2025,177,1,108,soybean,late,yes,5090.952384
6/26/2025,177,1,104,soybean,late,no,3984.244589
6/26/2025,177,1,102,corn,late,no,302.4749952
6/26/2025,177,1,106,corn,late,yes,235.0410048
6/26/2025,177,3,302,corn,late,no,222.191424
6/26/2025,177,3,306,corn,late,yes,93.8371392
6/26/2025,177,5,502,corn,late,yes,175.6484352
6/26/2025,177,5,506,corn,late,no,82.1487744
6/26/2025,177,5,501,corn,early,no,173.6090496
6/26/2025,177,3,305,corn,early,no,596.8178496
6/26/2025,177,1,105,corn,early,no,215.3765376
7/1/2025,182,6,601,corn,early,no,61.9145856
7/1/2025,182,4,405,corn,early,no,137.7057024
7/1/2025,182,2,201,corn,early,no,53.8078464
7/1/2025,182,2,202,corn,late,no,163.7713728
7/1/2025,182,2,206,corn,late,yes,84.9828672
7/1/2025,182,4,402,corn,late,yes,156.836736
7/1/2025,182,4,406,corn,late,no,129.91104
7/1/2025,182,6,602,corn,late,no,44.5290048
7/1/2025,182,6,606,corn,late,yes,79.978752
7/1/2025,182,6,607,soybean,early,no,180.4094208
7/1/2025,182,4,403,soybean,early,no,716.8077504
7/1/2025,182,2,203,soybean,early,no,318.4054272
7/1/2025,182,2,204,soybean,late,no,920.1620736
7/1/2025,182,2,208,soybean,late,yes,1123.030138
7/1/2025,182,4,404,soybean,late,yes,808.079328
7/1/2025,182,4,408,soybean,late,no,611.035488
7/1/2025,182,6,604,soybean,late,yes,591.5814912
7/1/2025,182,6,608,soybean,late,no,342.9615168
7/1/2025,182,5,508,soybean,late,no,372.6632448
7/1/2025,182,5,504,soybean,late,yes,1095.973805
7/1/2025,182,3,308,soybean,late,no,999.843264
7/1/2025,182,3,305,corn,early,no,47.4356736
7/1/2025,182,1,105,corn,early,no,94.6100736
7/9/2025,190,6,607,soybean,early,no,173.402208
7/9/2025,190,4,403,soybean,early,no,390.4516224
7/9/2025,190,2,203,soybean,early,no,256.810176
7/9/2025,190,2,204,soybean,late,no,327.2596992
7/9/2025,190,2,208,soybean,late,yes,274.1848704
7/9/2025,190,4,404,soybean,late,yes,214.0774272
7/9/2025,190,4,408,soybean,late,no,365.1734016
7/9/2025,190,6,604,soybean,late,yes,303.7741056
7/9/2025,190,6,608,soybean,late,no,154.641312
7/9/2025,190,6,601,corn,early,no,43.6834944
7/9/2025,190,4,405,corn,early,no,57.6906624
7/9/2025,190,2,201,corn,early,no,119.532672
7/9/2025,190,2,202,corn,late,no,183.2108544
7/9/2025,190,2,206,corn,late,yes,87.8387328
7/9/2025,190,4,402,corn,late,yes,76.6148544
7/9/2025,190,4,406,corn,late,no,35.7835968
7/9/2025,190,6,602,corn,late,no,52.2510912
7/9/2025,190,6,606,corn,late,yes,45.4071744
7/9/2025,190,5,508,soybean,late,no,557.3256192
7/9/2025,190,5,504,soybean,late,yes,800.4987648
7/9/2025,190,3,308,soybean,late,no,662.0346432
7/9/2025,190,3,304,soybean,late,yes,558.2255616
7/9/2025,190,1,108,soybean,late,yes,526.8436992
7/9/2025,190,1,104,soybean,late,no,552.30336
7/9/2025,190,1,107,soybean,early,no,363.1412736
7/9/2025,190,3,303,soybean,early,no,344.7650304
7/9/2025,190,5,507,soybean,early,no,238.375872
7/9/2025,190,5,506,corn,late,no,33.6280896
7/9/2025,190,5,502,corn,late,yes,71.5490496
7/9/2025,190,3,306,corn,late,yes,45.72288
7/9/2025,190,3,302,corn,late,no,41.3719488
7/9/2025,190,1,106,corn,late,yes,66.58848
7/9/2025,190,1,102,corn,late,no,67.3251264
7/9/2025,190,1,105,corn,early,no,88.1544384
7/9/2025,190,3,305,corn,early,no,97.2990144
7/9/2025,190,5,501,corn,early,no,64.2805632
7/15/2025,196,6,601,corn,early,no,45.704736
7/15/2025,196,4,405,corn,early,no,65.0426112
7/15/2025,196,2,201,corn,early,no,23.387616
7/15/2025,196,2,202,corn,late,no,38.846304
7/15/2025,196,2,206,corn,late,yes,47.5445376
7/15/2025,196,4,402,corn,late,yes,44.8084224
7/15/2025,196,4,406,corn,late,no,18.7645248
7/15/2025,196,6,602,corn,late,no,9.7723584
7/15/2025,196,6,606,corn,late,yes,12.954816
7/15/2025,196,6,607,soybean,early,no,271.0060416
7/15/2025,196,2,203,soybean,early,no,139.2951168
7/15/2025,196,2,204,soybean,late,no,430.121664
7/15/2025,196,2,208,soybean,late,yes,581.5805184
7/15/2025,196,4,404,soybean,late,yes,250.151328
7/15/2025,196,4,408,soybean,late,no,625.9934016
7/15/2025,196,6,604,soybean,late,yes,443.0111616
7/15/2025,196,6,608,soybean,late,no,201.1661568
7/15/2025,196,5,501,corn,early,no,26.707968
7/15/2025,196,3,305,corn,early,no,29.5892352
7/15/2025,196,1,105,corn,early,no,44.8809984
7/15/2025,196,1,102,corn,late,no,42.130368
7/15/2025,196,1,106,corn,late,yes,30.8956032
7/15/2025,196,3,302,corn,late,no,4.8662208
7/15/2025,196,3,306,corn,late,yes,20.8583424
7/15/2025,196,5,502,corn,late,yes,58.7938176
7/15/2025,196,5,506,corn,late,no,21.0760704
7/15/2025,196,5,507,soybean,early,no,151.7346432
7/15/2025,196,3,303,soybean,early,no,244.85328
7/15/2025,196,1,107,soybean,early,no,242.349408
7/15/2025,196,1,104,soybean,late,no,665.1009792
7/15/2025,196,1,108,soybean,late,yes,653.3618112
7/15/2025,196,3,304,soybean,late,yes,454.0499712
7/15/2025,196,3,308,soybean,late,no,618.5398464
7/15/2025,196,5,504,soybean,late,yes,935.0038656
7/15/2025,196,5,508,soybean,late,no,489.7936512
7/22/2025,203,6,604,soybean,late,yes,52.0261056
7/22/2025,203,4,405,corn,early,no,90.7163712
7/22/2025,203,2,201,corn,early,no,13.2959232
7/22/2025,203,2,202,corn,late,no,13.3213248
7/22/2025,203,2,206,corn,late,yes,15.3969984
7/22/2025,203,4,402,corn,late,yes,21.9832704
7/22/2025,203,4,406,corn,late,no,6.7459392
7/22/2025,203,6,602,corn,late,no,5.7806784
7/22/2025,203,6,606,corn,late,yes,8.2772928
7/22/2025,203,6,607,soybean,early,no,68.9798592
7/22/2025,203,4,403,soybean,early,no,366.4325952
7/22/2025,203,2,203,soybean,early,no,18.9931392
7/22/2025,203,2,204,soybean,late,no,93.4379712
7/22/2025,203,2,208,soybean,late,yes,195.7991616
7/22/2025,203,4,404,soybean,late,yes,33.2543232
7/22/2025,203,4,408,soybean,late,no,157.7874816
7/22/2025,203,6,601,corn,early,no,231.2017344
7/22/2025,203,6,608,soybean,late,no,77.8885632
7/22/2025,203,5,508,soybean,late,no,379.9317312
7/22/2025,203,5,504,soybean,late,yes,350.2118592
7/22/2025,203,3,308,soybean,late,no,199.3517568
7/22/2025,203,3,304,soybean,late,yes,483.3235008
7/22/2025,203,5,501,corn,early,no,51.674112
7/22/2025,203,3,305,corn,early,no,4.6738944
7/22/2025,203,1,105,corn,early,no,22.280832
7/22/2025,203,1,102,corn,late,no,39.7426176
7/22/2025,203,1,106,corn,late,yes,18.1403712
7/22/2025,203,3,302,corn,late,no,5.4141696
7/22/2025,203,3,306,corn,late,yes,2.8957824
7/22/2025,203,5,502,corn,late,yes,10.2368448
7/22/2025,203,5,506,corn,late,no,12.0512448
7/22/2025,203,5,507,soybean,early,no,425.3098752
7/22/2025,203,3,303,soybean,early,no,22.4114688
7/22/2025,203,1,107,soybean,early,no,60.0457536
7/22/2025,203,1,104,soybean,late,no,1023.394176
7/22/2025,203,1,108,soybean,late,yes,288.344448
7/29/2025,210,5,501,corn,early,no,6.6515904
7/29/2025,210,3,305,corn,early,no,7.5225024
7/29/2025,210,1,105,corn,early,no,29.320704
7/29/2025,210,1,102,corn,late,no,37.6560576
7/29/2025,210,1,106,corn,late,yes,20.8002816
7/29/2025,210,3,302,corn,late,no,4.7827584
7/29/2025,210,3,306,corn,late,yes,10.5198912
7/29/2025,210,5,502,corn,late,yes,7.094304
7/29/2025,210,5,506,corn,late,no,-4.372704
7/29/2025,210,5,507,soybean,early,no,140.688576
7/29/2025,210,3,303,soybean,early,no,66.7590336
7/29/2025,210,1,107,soybean,early,no,67.5355968
7/29/2025,210,1,104,soybean,late,no,227.3842368
7/29/2025,210,1,108,soybean,late,yes,174.164256
7/29/2025,210,3,304,soybean,late,yes,125.0085312
7/29/2025,210,3,308,soybean,late,no,204.3667584
7/29/2025,210,6,601,corn,early,no,91.3405248
7/29/2025,210,4,405,corn,early,no,40.9256064
7/29/2025,210,2,201,corn,early,no,10.1932992
7/29/2025,210,2,202,corn,late,no,21.1450176
7/29/2025,210,2,206,corn,late,yes,30.881088
7/29/2025,210,4,402,corn,late,yes,27.0273024
7/29/2025,210,4,406,corn,late,no,12.9584448
7/29/2025,210,6,602,corn,late,no,48.8001024
7/29/2025,210,6,606,corn,late,yes,10.7376192
7/29/2025,210,6,607,soybean,early,no,46.1184192
7/29/2025,210,4,403,soybean,early,no,66.6900864
7/29/2025,210,2,203,soybean,early,no,30.0609792
7/29/2025,210,2,204,soybean,late,no,99.483552
7/29/2025,210,2,208,soybean,late,yes,112.0174272
7/29/2025,210,4,404,soybean,late,yes,48.6295488
7/29/2025,210,4,408,soybean,late,no,105.7577472
7/29/2025,210,6,604,soybean,late,yes,206.6529024
7/29/2025,210,6,608,soybean,late,no,35.5767552
7/29/2025,210,5,508,soybean,late,no,439.6908096
7/29/2025,210,5,504,soybean,late,yes,230.6537856
7/31/2025,212,5,501,corn,early,no,23.296896
7/31/2025,212,3,305,corn,early,no,16.6307904
7/31/2025,212,1,105,corn,early,no,18.9641088
7/31/2025,212,1,102,corn,late,no,42.7908096
7/31/2025,212,1,106,corn,late,yes,11.1984768
7/31/2025,212,3,302,corn,late,no,7.4680704
7/31/2025,212,3,306,corn,late,yes,25.76448
7/31/2025,212,5,502,corn,late,yes,8.6583168
7/31/2025,212,5,506,corn,late,no,5.7915648
7/31/2025,212,5,507,soybean,early,no,431.319168
7/31/2025,212,3,303,soybean,early,no,8.6075136
7/31/2025,212,1,107,soybean,early,no,10.5452928
7/31/2025,212,1,104,soybean,late,no,276.478272
7/31/2025,212,1,108,soybean,late,yes,80.2980864
7/31/2025,212,3,304,soybean,late,yes,74.0202624
7/31/2025,212,3,308,soybean,late,no,52.3381824
7/31/2025,212,5,504,soybean,late,yes,97.8759936
7/31/2025,212,6,601,corn,early,no,74.7024768
7/31/2025,212,4,405,corn,early,no,90.230112
7/31/2025,212,2,202,corn,late,no,9.0103104
7/31/2025,212,2,206,corn,late,yes,12.3996096
7/31/2025,212,4,402,corn,late,yes,21.1123584
7/31/2025,212,4,406,corn,late,no,12.6427392
7/31/2025,212,6,602,corn,late,no,37.6959744
7/31/2025,212,6,606,corn,late,yes,16.3296
7/31/2025,212,6,607,soybean,early,no,29.447712
7/31/2025,212,4,403,soybean,early,no,102.3176448
7/31/2025,212,2,203,soybean,early,no,20.4555456
7/31/2025,212,2,204,soybean,late,no,42.4787328
7/31/2025,212,2,208,soybean,late,yes,37.249632
7/31/2025,212,4,404,soybean,late,yes,33.1454592
7/31/2025,212,4,408,soybean,late,no,50.875776
7/31/2025,212,6,604,soybean,late,yes,70.0503552
7/31/2025,212,6,608,soybean,late,no,110.0361024
7/31/2025,212,5,508,soybean,late,no,209.5632
8/12/2025,224,6,601,corn,early,no,9.2679552
8/12/2025,224,4,405,corn,early,no,53.2816704
8/12/2025,224,2,201,corn,early,no,7.2539712
8/12/2025,224,2,202,corn,late,no,17.998848
8/12/2025,224,2,206,corn,late,yes,14.007168
8/12/2025,224,4,402,corn,late,yes,36.7524864
8/12/2025,224,4,406,corn,late,no,11.0025216
8/12/2025,224,6,602,corn,late,no,21.3627456
8/12/2025,224,6,606,corn,late,yes,3.374784
8/12/2025,224,6,607,soybean,early,no,30.1117824
8/12/2025,224,4,403,soybean,early,no,50.3024256
8/12/2025,224,2,203,soybean,early,no,22.8940992
8/12/2025,224,2,204,soybean,late,no,93.1803264
8/12/2025,224,2,208,soybean,late,yes,29.992032
8/12/2025,224,4,404,soybean,late,yes,5.5774656
8/12/2025,224,4,408,soybean,late,no,42.4460736
8/12/2025,224,6,604,soybean,late,yes,67.7388096
8/12/2025,224,6,608,soybean,late,no,2.7651456
8/12/2025,224,5,501,corn,early,no,25.8479424
8/12/2025,224,3,305,corn,early,no,11.6012736
8/12/2025,224,1,105,corn,early,no,19.1673216
8/12/2025,224,1,102,corn,late,no,68.2722432
8/12/2025,224,1,106,corn,late,yes,16.9247232
8/12/2025,224,3,302,corn,late,no,11.8081152
8/12/2025,224,3,306,corn,late,yes,10.3094208
8/12/2025,224,5,502,corn,late,yes,12.4794432
8/12/2025,224,5,506,corn,late,no,8.3389824
8/12/2025,224,5,507,soybean,early,no,308.7056448
8/12/2025,224,3,303,soybean,early,no,27.0853632
8/12/2025,224,1,107,soybean,early,no,66.0514176
8/12/2025,224,1,104,soybean,late,no,430.5172032
8/12/2025,224,1,108,soybean,late,yes,173.2897152
8/12/2025,224,3,304,soybean,late,yes,46.702656
8/12/2025,224,3,308,soybean,late,no,167.5816128
8/12/2025,224,5,504,soybean,late,yes,72.866304
8/12/2025,224,5,508,soybean,late,no,123.0126912
8/19/2025,231,6,601,corn,early,no,126.8156736
8/19/2025,231,4,405,corn,early,no,159.141024
8/19/2025,231,5,501,corn,early,no,80.7843456
8/19/2025,231,3,305,corn,early,no,88.1943552
8/19/2025,231,1,105,corn,early,no,164.4499584
8/19/2025,231,1,102,corn,late,no,161.8662528
8/19/2025,231,1,106,corn,late,yes,147.8481984
8/19/2025,231,3,302,corn,late,no,44.162496
8/19/2025,231,3,306,corn,late,yes,41.9561856
8/19/2025,231,5,502,corn,late,yes,45.9260928
8/19/2025,231,5,506,corn,late,no,9.3042432
8/19/2025,231,2,202,corn,late,no,41.6912832
8/19/2025,231,2,206,corn,late,yes,67.7714688
8/19/2025,231,4,402,corn,late,yes,103.0107456
8/19/2025,231,4,406,corn,late,no,89.322912
8/19/2025,231,6,602,corn,late,no,82.5624576
8/19/2025,231,6,606,corn,late,yes,36.124704
8/19/2025,231,6,607,soybean,early,no,81.3141504
8/19/2025,231,4,403,soybean,early,no,39.8188224
8/19/2025,231,2,203,soybean,early,no,55.5859584
8/19/2025,231,2,204,soybean,late,no,108.4612032
8/19/2025,231,2,208,soybean,late,yes,47.555424
8/19/2025,231,4,404,soybean,late,yes,45.8898048
8/19/2025,231,4,408,soybean,late,no,53.8550208
8/19/2025,231,6,604,soybean,late,yes,149.8476672
8/19/2025,231,2,201,corn,early,no,49.4133696
8/19/2025,231,5,507,soybean,early,no,49.4133696
8/19/2025,231,3,303,soybean,early,no,198.295776
8/19/2025,231,1,107,soybean,early,no,151.3318464
8/19/2025,231,1,104,soybean,late,no,157.4100864
8/19/2025,231,1,108,soybean,late,yes,171.7837632
8/19/2025,231,3,304,soybean,late,yes,53.1836928
8/19/2025,231,3,308,soybean,late,no,134.6212224
8/19/2025,231,5,504,soybean,late,yes,56.591136
8/19/2025,231,5,508,soybean,late,no,215.7285312
8/19/2025,231,6,608,soybean,late,no,73.2545856
8/21/2025,233,6,601,corn,early,no,187.8049152
8/21/2025,233,4,405,corn,early,no,182.4887232
8/21/2025,233,2,201,corn,early,no,65.68128
8/21/2025,233,2,202,corn,late,no,49.4387712
8/21/2025,233,4,402,corn,late,yes,114.1729344
8/21/2025,233,4,406,corn,late,no,106.886304
8/21/2025,233,6,602,corn,late,no,99.0335808
8/21/2025,233,6,606,corn,late,yes,102.3103872
8/21/2025,233,6,607,soybean,early,no,74.8004544
8/21/2025,233,4,403,soybean,early,no,29.4622272
8/21/2025,233,2,203,soybean,early,no,51.964416
8/21/2025,233,2,204,soybean,late,no,96.5115648
8/21/2025,233,2,208,soybean,late,yes,34.0962048
8/21/2025,233,4,404,soybean,late,yes,36.3279168
8/21/2025,233,4,408,soybean,late,no,45.6394176
8/21/2025,233,5,501,corn,early,no,85.9953024
8/21/2025,233,3,305,corn,early,no,24.2149824
8/21/2025,233,1,105,corn,early,no,42.7944384
8/21/2025,233,1,102,corn,late,no,117.2356416
8/21/2025,233,1,106,corn,late,yes,79.5142656
8/21/2025,233,3,302,corn,late,no,57.1572288
8/21/2025,233,3,306,corn,late,yes,19.0403136
8/21/2025,233,5,502,corn,late,yes,36.4004928
8/21/2025,233,5,506,corn,late,no,26.6970816
8/21/2025,233,5,507,soybean,early,no,25.510464
8/21/2025,233,3,303,soybean,early,no,127.8353664
8/21/2025,233,1,107,soybean,early,no,72.7102656
8/21/2025,233,1,104,soybean,late,no,48.154176
8/21/2025,233,1,108,soybean,late,yes,139.2043968
8/21/2025,233,3,304,soybean,late,yes,53.5211712
8/21/2025,233,3,308,soybean,late,no,90.8034624
8/21/2025,233,5,504,soybean,late,yes,31.6395072
8/21/2025,233,5,508,soybean,late,no,167.5888704
8/21/2025,233,6,608,soybean,late,no,33.5664
8/21/2025,233,6,604,soybean,late,yes,70.7833728
8/26/2025,238,3,305,corn,early,no,24.095232
8/26/2025,238,1,105,corn,early,no,25.6846464
8/26/2025,238,1,102,corn,late,no,47.9074176
8/26/2025,238,1,106,corn,late,yes,39.6664128
8/26/2025,238,3,302,corn,late,no,77.8232448
8/26/2025,238,3,306,corn,late,yes,21.0796992
8/26/2025,238,5,502,corn,late,yes,47.9618496
8/26/2025,238,5,506,corn,late,no,23.2388352
8/26/2025,238,5,507,soybean,early,no,26.5918464
8/26/2025,238,3,303,soybean,early,no,153.9445824
8/26/2025,238,1,107,soybean,early,no,83.6220672
8/26/2025,238,1,104,soybean,late,no,35.6057856
8/26/2025,238,1,108,soybean,late,yes,100.6375104
8/26/2025,238,3,304,soybean,late,yes,46.2055104
8/26/2025,238,5,501,corn,early,no,47.591712
8/26/2025,238,6,601,corn,early,no,122.2651584
8/26/2025,238,4,405,corn,early,no,122.308704
8/26/2025,238,2,201,corn,early,no,24.149664
8/26/2025,238,2,202,corn,late,no,22.262688
8/26/2025,238,2,206,corn,late,yes,26.2979136
8/26/2025,238,4,402,corn,late,yes,41.8001472
8/26/2025,238,4,406,corn,late,no,40.297824
8/26/2025,238,6,602,corn,late,no,85.149792
8/26/2025,238,6,606,corn,late,yes,98.0392896
8/26/2025,238,6,607,soybean,early,no,66.0586752
8/26/2025,238,4,403,soybean,early,no,27.5933952
8/26/2025,238,2,203,soybean,early,no,68.076288
8/26/2025,238,2,204,soybean,late,no,62.106912
8/26/2025,238,2,208,soybean,late,yes,25.3725696
8/26/2025,238,4,404,soybean,late,yes,16.4420928
8/26/2025,238,4,408,soybean,late,no,8.4587328
8/26/2025,238,6,604,soybean,late,yes,43.27344
8/26/2025,238,6,608,soybean,late,no,24.294816
8/26/2025,238,5,508,soybean,late,no,126.862848
8/26/2025,238,5,504,soybean,late,yes,25.0459776
8/26/2025,238,3,308,soybean,late,no,56.4786432
8/28/2025,240,6,601,corn,early,no,150.5335104
8/28/2025,240,4,405,corn,early,no,109.4700096
8/28/2025,240,2,201,corn,early,no,61.4283264
8/28/2025,240,2,202,corn,late,no,24.3347328
8/28/2025,240,2,206,corn,late,yes,25.419744
8/28/2025,240,4,402,corn,late,yes,55.7528832
8/28/2025,240,4,406,corn,late,no,46.303488
8/28/2025,240,6,602,corn,late,no,72.4090752
8/28/2025,240,6,606,corn,late,yes,73.138464
8/28/2025,240,6,607,soybean,early,no,40.8820608
8/28/2025,240,4,403,soybean,early,no,25.619328
8/28/2025,240,2,203,soybean,early,no,56.8923264
8/28/2025,240,2,204,soybean,late,no,51.5144448
8/28/2025,240,2,208,soybean,late,yes,24.893568
8/28/2025,240,4,404,soybean,late,yes,25.0133184
8/28/2025,240,4,408,soybean,late,no,19.9184832
8/28/2025,240,6,604,soybean,late,yes,52.2619776
8/28/2025,240,6,608,soybean,late,no,29.5420608
8/28/2025,240,5,508,soybean,late,no,183.4068096
8/28/2025,240,5,504,soybean,late,yes,21.1450176
8/28/2025,240,3,308,soybean,late,no,56.8342656
8/28/2025,240,5,501,corn,early,no,57.5237376
8/28/2025,240,3,305,corn,early,no,32.5539648
8/28/2025,240,1,105,corn,early,no,22.1828544
8/28/2025,240,1,102,corn,late,no,70.9902144
8/28/2025,240,1,106,corn,late,yes,37.757664
8/28/2025,240,3,302,corn,late,no,60.764256
8/28/2025,240,3,306,corn,late,yes,22.7308032
8/28/2025,240,5,502,corn,late,yes,34.1905536
8/28/2025,240,5,506,corn,late,no,28.2429504
8/28/2025,240,5,507,soybean,early,no,46.0385856
8/28/2025,240,3,303,soybean,early,no,296.38224
8/28/2025,240,1,107,soybean,early,no,57.6471168
8/28/2025,240,1,104,soybean,late,no,30.20976
8/28/2025,240,1,108,soybean,late,yes,90.0595584
8/28/2025,240,3,304,soybean,late,yes,29.9085696
9/2/2025,245,5,501,corn,early,no,33.257952
9/2/2025,245,3,305,corn,early,no,20.085408
9/2/2025,245,1,105,corn,early,no,6.3649152
9/2/2025,245,1,102,corn,late,no,19.2616704
9/2/2025,245,1,106,corn,late,yes,20.8510848
9/2/2025,245,3,302,corn,late,no,48.2194944
9/2/2025,245,3,306,corn,late,yes,19.8749376
9/2/2025,245,5,502,corn,late,yes,30.735936
9/2/2025,245,5,506,corn,late,no,9.4131072
9/2/2025,245,5,507,soybean,early,no,46.9348992
9/2/2025,245,3,303,soybean,early,no,220.8451392
9/2/2025,245,1,107,soybean,early,no,72.7465536
9/2/2025,245,1,104,soybean,late,no,35.8743168
9/2/2025,245,1,108,soybean,late,yes,22.8505536
9/2/2025,245,3,304,soybean,late,yes,39.0132288
9/2/2025,245,3,308,soybean,late,no,44.960832
9/2/2025,245,5,504,soybean,late,yes,11.7827136
9/2/2025,245,5,508,soybean,late,no,282.3968448
9/2/2025,245,6,601,corn,early,no,141.1566912
9/2/2025,245,4,405,corn,early,no,92.915424
9/2/2025,245,2,201,corn,early,no,82.4427072
9/2/2025,245,2,202,corn,late,no,9.2643264
9/2/2025,245,2,206,corn,late,yes,22.1247936
9/2/2025,245,4,402,corn,late,yes,20.1253248
9/2/2025,245,4,406,corn,late,no,28.3699584
9/2/2025,245,6,602,corn,late,no,52.9550784
9/2/2025,245,6,606,corn,late,yes,107.6773824
9/2/2025,245,6,607,soybean,early,no,78.0663744
9/2/2025,245,4,403,soybean,early,no,16.1409024
9/2/2025,245,2,203,soybean,early,no,30.2170176
9/2/2025,245,2,204,soybean,late,no,45.4833792
9/2/2025,245,2,208,soybean,late,yes,23.7831552
9/2/2025,245,4,404,soybean,late,yes,17.3529216
9/2/2025,245,4,408,soybean,late,no,7.0180992
9/2/2025,245,6,604,soybean,late,yes,30.9790656
9/2/2025,245,6,608,soybean,late,no,38.1967488
9/10/2025,253,6,605,corn,early,yes,26.889408
9/10/2025,253,6,601,corn,early,no,76.7527488
9/10/2025,253,4,405,corn,early,no,57.0374784
9/10/2025,253,4,401,corn,early,yes,24.1351488
9/10/2025,253,2,205,corn,early,yes,17.381952
9/10/2025,253,2,201,corn,early,no,47.2977792
9/10/2025,253,2,202,corn,late,no,14.2212672
9/10/2025,253,2,206,corn,late,yes,8.1938304
9/10/2025,253,4,402,corn,late,yes,16.4602368
9/10/2025,253,4,406,corn,late,no,18.1403712
9/10/2025,253,6,602,corn,late,no,38.2221504
9/10/2025,253,6,606,corn,late,yes,64.2079872
9/10/2025,253,6,607,soybean,early,no,43.1718336
9/10/2025,253,6,603,soybean,early,yes,36.6944256
9/10/2025,253,4,407,soybean,early,yes,5.0585472
9/10/2025,253,4,403,soybean,early,no,10.8392256
9/10/2025,253,2,207,soybean,early,yes,6.8620608
9/10/2025,253,2,203,soybean,early,no,24.0081408
9/10/2025,253,2,204,soybean,late,no,27.506304
9/10/2025,253,2,208,soybean,late,yes,28.8888768
9/10/2025,253,4,404,soybean,late,yes,14.3990784
9/10/2025,253,4,408,soybean,late,no,18.252864
9/10/2025,253,6,604,soybean,late,yes,27.3901824
9/10/2025,253,6,608,soybean,late,no,18.9749952
9/10/2025,253,5,505,corn,early,yes,0.9108288
9/10/2025,253,5,501,corn,early,no,26.6426496
9/10/2025,253,3,305,corn,early,no,9.8739648
9/10/2025,253,3,301,corn,early,yes,1.8833472
9/10/2025,253,1,105,corn,early,no,4.4888256
9/10/2025,253,1,101,corn,early,yes,20.157984
9/10/2025,253,1,102,corn,late,no,31.2512256
9/10/2025,253,1,106,corn,late,yes,20.9599488
9/10/2025,253,3,302,corn,late,no,23.5109952
9/10/2025,253,3,306,corn,late,yes,4.9859712
9/10/2025,253,5,502,corn,late,yes,16.9936704
9/10/2025,253,5,506,corn,late,no,10.8065664
9/10/2025,253,5,507,soybean,early,no,28.7836416
9/10/2025,253,5,503,soybean,early,yes,12.3342912
9/10/2025,253,3,307,soybean,early,yes,12.6173376
9/10/2025,253,3,303,soybean,early,no,231.1146432
9/10/2025,253,1,107,soybean,early,no,91.3514112
9/10/2025,253,1,103,soybean,early,yes,25.347168
9/10/2025,253,1,104,soybean,late,no,20.4882048
9/10/2025,253,1,108,soybean,late,yes,26.0221248
9/10/2025,253,3,304,soybean,late,yes,28.21392
9/10/2025,253,3,308,soybean,late,no,14.8563072
9/10/2025,253,5,504,soybean,late,yes,8.3897856
9/10/2025,253,5,508,soybean,late,no,205.4045952
9/16/2025,259,6,601,corn,early,no,57.0955392
9/16/2025,259,4,405,corn,early,no,67.3251264
9/16/2025,259,2,201,corn,early,no,40.0292928
9/16/2025,259,2,202,corn,late,no,12.7878912
9/16/2025,259,2,206,corn,late,yes,11.3182272
9/16/2025,259,4,402,corn,late,yes,14.2103808
9/16/2025,259,4,406,corn,late,no,24.929856
9/16/2025,259,6,602,corn,late,no,32.4487296
9/16/2025,259,6,606,corn,late,yes,42.112224
9/16/2025,259,6,607,soybean,early,no,114.742656
9/16/2025,259,4,403,soybean,early,no,16.5146688
9/16/2025,259,2,203,soybean,early,no,49.950432
9/16/2025,259,2,204,soybean,late,no,25.818912
9/16/2025,259,2,208,soybean,late,yes,23.6089728
9/16/2025,259,4,404,soybean,late,yes,20.4990912
9/16/2025,259,4,408,soybean,late,no,21.5332992
9/16/2025,259,6,604,soybean,late,yes,31.8173184
9/16/2025,259,6,608,soybean,late,no,22.8578112
9/16/2025,259,5,501,corn,early,no,17.3384064
9/16/2025,259,3,305,corn,early,no,25.9713216
9/16/2025,259,1,105,corn,early,no,10.4001408
9/16/2025,259,1,102,corn,late,no,14.8925952
9/16/2025,259,1,106,corn,late,yes,21.2030784
9/16/2025,259,3,302,corn,late,no,11.7609408
9/16/2025,259,3,306,corn,late,yes,13.0019904
9/16/2025,259,5,502,corn,late,yes,12.8205504
9/16/2025,259,5,506,corn,late,no,16.347744
9/16/2025,259,5,507,soybean,early,no,51.4491264
9/16/2025,259,3,303,soybean,early,no,125.7814656
9/16/2025,259,1,107,soybean,early,no,71.0410176
9/16/2025,259,1,104,soybean,late,no,9.7868736
9/16/2025,259,1,108,soybean,late,yes,20.4047424
9/16/2025,259,3,304,soybean,late,yes,41.4300096
9/16/2025,259,3,308,soybean,late,no,15.730848
9/16/2025,259,5,504,soybean,late,yes,24.077088
9/16/2025,259,5,508,soybean,late,no,84.8921472
10/9/2025,282,6,601,corn,early,no,70.6273344
10/9/2025,282,4,405,corn,early,no,110.2356864
10/9/2025,282,2,201,corn,early,no,70.0503552
10/9/2025,282,2,202,corn,late,no,46.9603008
10/9/2025,282,2,206,corn,late,yes,53.2018368
10/9/2025,282,4,402,corn,late,yes,39.807936
10/9/2025,282,4,406,corn,late,no,31.2729984
10/9/2025,282,6,602,corn,late,no,36.4404096
10/9/2025,282,6,606,corn,late,yes,46.1510784
10/9/2025,282,6,607,soybean,early,no,135.136512
10/9/2025,282,4,403,soybean,early,no,284.9478912
10/9/2025,282,2,203,soybean,early,no,152.0576064
10/9/2025,282,2,204,soybean,late,no,158.6620224
10/9/2025,282,2,208,soybean,late,yes,121.7389824
10/9/2025,282,4,404,soybean,late,yes,102.0382272
10/9/2025,282,4,408,soybean,late,no,320.6915712
10/9/2025,282,6,604,soybean,late,yes,199.5005376
10/9/2025,282,6,608,soybean,late,no,95.1689088
10/9/2025,282,6,605,corn,early,yes,48.2557824
10/9/2025,282,4,401,corn,early,yes,37.6016256
10/9/2025,282,2,205,corn,early,yes,274.2610752
10/9/2025,282,2,207,soybean,early,yes,540.219456
10/9/2025,282,4,407,soybean,early,yes,506.8272384
10/9/2025,282,6,603,soybean,early,yes,313.1908416
10/9/2025,282,5,505,corn,early,yes,33.1454592
10/9/2025,282,5,501,corn,early,no,84.750624
10/9/2025,282,3,305,corn,early,no,48.1614336
10/9/2025,282,3,301,corn,early,yes,52.2438336
10/9/2025,282,1,105,corn,early,no,36.396864
10/9/2025,282,1,101,corn,early,yes,89.9289216
10/9/2025,282,1,102,corn,late,no,43.6943808
10/9/2025,282,1,106,corn,late,yes,73.2582144
10/9/2025,282,3,302,corn,late,no,30.6198144
10/9/2025,282,3,306,corn,late,yes,37.0101312
10/9/2025,282,5,502,corn,late,yes,51.4708992
10/9/2025,282,5,506,corn,late,no,35.725536
10/9/2025,282,5,507,soybean,early,no,242.7993792
10/9/2025,282,5,503,soybean,early,yes,196.0060032
10/9/2025,282,3,307,soybean,early,yes,43.400448
10/9/2025,282,3,303,soybean,early,no,204.5844864
10/9/2025,282,1,107,soybean,early,no,217.1219904
10/9/2025,282,1,103,soybean,early,yes,408.2182272
10/9/2025,282,1,104,soybean,late,no,260.112384
10/9/2025,282,1,108,soybean,late,yes,200.6109504
10/9/2025,282,3,304,soybean,late,yes,218.1126528
10/9/2025,282,3,308,soybean,late,no,124.1847936
10/9/2025,282,5,504,soybean,late,yes,438.5912832
10/9/2025,282,5,508,soybean,late,no,383.3137728
10/13/2025,286,5,501,corn,early,no,53.7497856
10/13/2025,286,3,305,corn,early,no,78.164352
10/13/2025,286,1,105,corn,early,no,28.6239744
10/13/2025,286,1,102,corn,late,no,40.2216192
10/13/2025,286,1,106,corn,late,yes,71.2224576
10/13/2025,286,3,302,corn,late,no,47.8239552
10/13/2025,286,3,306,corn,late,yes,62.2194048
10/13/2025,286,5,502,corn,late,yes,51.6487104
10/13/2025,286,5,506,corn,late,no,44.6923008
10/13/2025,286,5,507,soybean,early,no,116.5969728
10/13/2025,286,3,303,soybean,early,no,85.4110656
10/13/2025,286,1,107,soybean,early,no,130.0961088
10/13/2025,286,1,104,soybean,late,no,134.9078976
10/13/2025,286,1,108,soybean,late,yes,139.8430656
10/13/2025,286,3,304,soybean,late,yes,123.3102528
10/13/2025,286,3,308,soybean,late,no,107.32176
10/13/2025,286,5,504,soybean,late,yes,164.1560256
10/13/2025,286,5,508,soybean,late,no,194.9355072
10/13/2025,286,6,601,corn,early,no,57.8575872
10/13/2025,286,4,405,corn,early,no,84.6635328
10/13/2025,286,2,201,corn,early,no,53.6372928
10/13/2025,286,2,202,corn,late,no,58.4998848
10/13/2025,286,2,206,corn,late,yes,99.6432192
10/13/2025,286,4,402,corn,late,yes,47.9400768
10/13/2025,286,4,406,corn,late,no,58.169664
10/13/2025,286,6,602,corn,late,no,53.1474048
10/13/2025,286,6,606,corn,late,yes,51.0789888
10/13/2025,286,6,607,soybean,early,no,151.5495744
10/13/2025,286,4,403,soybean,early,no,112.8121344
10/13/2025,286,2,203,soybean,early,no,155.4505344
10/13/2025,286,2,204,soybean,late,no,139.6616256
10/13/2025,286,2,208,soybean,late,yes,108.6934464
10/13/2025,286,4,404,soybean,late,yes,96.4027008
10/13/2025,286,4,408,soybean,late,no,214.9483392
10/13/2025,286,6,604,soybean,late,yes,117.609408
10/13/2025,286,6,608,soybean,late,no,142.103808
10/21/2025,294,5,501,corn,early,no,106.7665536
10/21/2025,294,3,305,corn,early,no,48.7964736
10/21/2025,294,1,105,corn,early,no,179.7018048
10/21/2025,294,1,102,corn,late,no,40.5808704
10/21/2025,294,1,106,corn,late,yes,54.087264
10/21/2025,294,3,302,corn,late,no,16.2679104
10/21/2025,294,3,306,corn,late,yes,36.777888
10/21/2025,294,5,502,corn,late,yes,57.4547904
10/21/2025,294,5,506,corn,late,no,52.327296
10/21/2025,294,5,507,soybean,early,no,95.8257216
10/21/2025,294,3,303,soybean,early,no,38.2257792
10/21/2025,294,1,107,soybean,early,no,141.5195712
10/21/2025,294,1,104,soybean,late,no,111.2662656
10/21/2025,294,1,108,soybean,late,yes,177.4737216
10/21/2025,294,3,304,soybean,late,yes,50.8358592
10/21/2025,294,3,308,soybean,late,no,38.8172736
10/21/2025,294,5,504,soybean,late,yes,50.7632832
10/21/2025,294,5,508,soybean,late,no,168.64848
10/21/2025,294,6,601,corn,early,no,50.5927296
10/21/2025,294,4,405,corn,early,no,189.586656
10/21/2025,294,2,201,corn,early,no,68.9617152
10/21/2025,294,2,202,corn,late,no,37.6778304
10/21/2025,294,2,206,corn,late,yes,41.0816448
10/21/2025,294,4,402,corn,late,yes,15.7925376
10/21/2025,294,4,406,corn,late,no,60.800544
10/21/2025,294,6,602,corn,late,no,25.58304
10/21/2025,294,6,606,corn,late,yes,60.7860288
10/21/2025,294,6,607,soybean,early,no,84.9465792
10/21/2025,294,4,403,soybean,early,no,1.868832
10/21/2025,294,2,203,soybean,early,no,167.0772096
10/21/2025,294,2,204,soybean,late,no,-14.8127616
10/21/2025,294,2,208,soybean,late,yes,21.8562624
10/21/2025,294,4,404,soybean,late,yes,160.0627392
10/21/2025,294,4,408,soybean,late,no,77.0793408
10/21/2025,294,6,604,soybean,late,yes,84.6163584
10/21/2025,294,6,608,soybean,late,no,48.2194944
10/29/2025,302,6,605,corn,early,yes,-625.5434304
10/29/2025,302,6,601,corn,early,no,45.5849856
10/29/2025,302,4,405,corn,early,no,59.6792448
10/29/2025,302,4,401,corn,early,yes,87.27264
10/29/2025,302,2,205,corn,early,yes,69.5024064
10/29/2025,302,2,201,corn,early,no,44.2459584
10/29/2025,302,2,202,corn,late,no,69.201216
10/29/2025,302,2,206,corn,late,yes,54.6751296
10/29/2025,302,4,402,corn,late,yes,4.9097664
10/29/2025,302,4,406,corn,late,no,22.2481728
10/29/2025,302,6,602,corn,late,no,26.508384
10/29/2025,302,6,606,corn,late,yes,28.7546112
10/29/2025,302,6,607,soybean,early,no,47.7150912
10/29/2025,302,6,603,soybean,early,yes,25.1548416
10/29/2025,302,4,407,soybean,early,yes,12.8967552
10/29/2025,302,4,403,soybean,early,no,69.6330432
10/29/2025,302,5,505,corn,early,yes,38.8172736
10/29/2025,302,5,501,corn,early,no,3.919104
10/29/2025,302,3,305,corn,early,no,21.6203904
10/29/2025,302,3,301,corn,early,yes,0.6749568
10/29/2025,302,1,105,corn,early,no,27.5026752
10/29/2025,302,1,101,corn,early,yes,8.0849664
10/29/2025,302,1,102,corn,late,no,36.7924032
10/29/2025,302,1,106,corn,late,yes,63.8269632
10/29/2025,302,3,302,corn,late,no,11.43072
10/29/2025,302,3,306,corn,late,yes,53.2671552
10/29/2025,302,5,502,corn,late,yes,30.7976256
10/29/2025,302,5,506,corn,late,no,20.6587584
10/29/2025,302,5,507,soybean,early,no,40.6897344
10/29/2025,302,5,503,soybean,early,yes,50.7088512
10/29/2025,302,3,307,soybean,early,yes,38.6975232
10/29/2025,302,3,303,soybean,early,no,55.42992
10/29/2025,302,1,107,soybean,early,no,91.7796096
10/29/2025,302,1,103,soybean,early,yes,329.4914112
10/29/2025,302,1,104,soybean,late,no,172.240992
10/29/2025,302,1,108,soybean,late,yes,57.389472
10/29/2025,302,3,304,soybean,late,yes,109.5462144
10/29/2025,302,3,308,soybean,late,no,105.2279424
10/29/2025,302,5,504,soybean,late,yes,94.2544512
10/29/2025,302,5,508,soybean,late,no,138.0613248
10/29/2025,302,6,608,soybean,late,no,108.1890432
10/29/2025,302,6,604,soybean,late,yes,60.0856704
10/29/2025,302,4,408,soybean,late,no,125.502048
10/29/2025,302,4,404,soybean,late,yes,121.528512
10/29/2025,302,2,208,soybean,late,yes,131.035968
10/29/2025,302,2,204,soybean,late,no,86.4162432
10/29/2025,302,2,203,soybean,early,no,77.692608
10/29/2025,302,2,207,soybean,early,yes,32.8732992
11/4/2025,308,6,605,corn,early,yes,14.8272768
11/4/2025,308,6,601,corn,early,no,75.878208
11/4/2025,308,4,405,corn,early,no,59.2474176
11/4/2025,308,4,401,corn,early,yes,34.6695552
11/4/2025,308,2,205,corn,early,yes,42.6783168
11/4/2025,308,2,201,corn,early,no,43.8032448
11/4/2025,308,2,202,corn,late,no,37.721376
11/4/2025,308,2,206,corn,late,yes,13.5245376
11/4/2025,308,4,402,corn,late,yes,20.3140224
11/4/2025,308,4,406,corn,late,no,37.412928
11/4/2025,308,6,602,corn,late,no,31.171392
11/4/2025,308,6,606,corn,late,yes,33.1708608
11/4/2025,308,6,607,soybean,early,no,26.907552
11/4/2025,308,6,603,soybean,early,yes,57.7813824
11/4/2025,308,4,407,soybean,early,yes,99.0771264
11/4/2025,308,4,403,soybean,early,no,91.6526016
11/4/2025,308,2,207,soybean,early,yes,63.4023936
11/4/2025,308,2,203,soybean,early,no,63.5257728
11/4/2025,308,2,204,soybean,late,no,34.8437376
11/4/2025,308,2,208,soybean,late,yes,67.5573696
11/4/2025,308,4,404,soybean,late,yes,82.3882752
11/4/2025,308,4,408,soybean,late,no,100.6556544
11/4/2025,308,6,604,soybean,late,yes,90.7308864
11/4/2025,308,6,608,soybean,late,no,22.6872576
11/4/2025,308,5,508,soybean,late,no,64.538208
11/4/2025,308,5,505,corn,early,yes,19.3197312
11/4/2025,308,3,305,corn,early,no,26.726112
11/4/2025,308,3,301,corn,early,yes,16.0175232
11/4/2025,308,1,105,corn,early,no,34.1506368
11/4/2025,308,1,101,corn,early,yes,29.3461056
11/4/2025,308,1,102,corn,late,no,33.1708608
11/4/2025,308,1,106,corn,late,yes,53.1836928
11/4/2025,308,3,302,corn,late,no,23.115456
11/4/2025,308,3,306,corn,late,yes,16.2715392
11/4/2025,308,5,502,corn,late,yes,19.740672
11/4/2025,308,5,506,corn,late,no,12.2726016
11/4/2025,308,5,507,soybean,early,no,44.0826624
11/4/2025,308,5,503,soybean,early,yes,4.8299328
11/4/2025,308,3,307,soybean,early,yes,21.3155712
11/4/2025,308,3,303,soybean,early,no,91.6489728
11/4/2025,308,1,107,soybean,early,no,35.92512
11/4/2025,308,1,103,soybean,early,yes,154.5070464
11/4/2025,308,1,104,soybean,late,no,115.613568
11/4/2025,308,1,108,soybean,late,yes,36.9302976
11/4/2025,308,3,304,soybean,late,yes,71.6361408
11/4/2025,308,3,308,soybean,late,no,42.4859904
11/4/2025,308,5,504,soybean,late,yes,122.8784256
11/7/2025,311,6,601,corn,early,no,29.1356352
11/7/2025,311,4,405,corn,early,no,62.9633088
11/7/2025,311,2,201,corn,early,no,28.268352
11/7/2025,311,2,202,corn,late,no,22.8759552
11/7/2025,311,2,206,corn,late,yes,19.4031936
11/7/2025,311,4,402,corn,late,yes,16.2533952
11/7/2025,311,4,406,corn,late,no,17.1932544
11/7/2025,311,6,602,corn,late,no,26.1781632
11/7/2025,311,6,606,corn,late,yes,16.075584
11/7/2025,311,6,607,soybean,early,no,40.5953856
11/7/2025,311,4,403,soybean,early,no,34.274016
11/7/2025,311,2,203,soybean,early,no,38.2148928
11/7/2025,311,2,204,soybean,late,no,51.9353856
11/7/2025,311,2,208,soybean,late,yes,81.520992
11/7/2025,311,4,404,soybean,late,yes,98.9610048
11/7/2025,311,4,408,soybean,late,no,45.5160384
11/7/2025,311,6,604,soybean,late,yes,35.4207168
11/7/2025,311,6,608,soybean,late,no,16.9210944
11/7/2025,311,5,501,corn,early,no,0.925344
11/7/2025,311,3,305,corn,early,no,40.696992
11/7/2025,311,1,105,corn,early,no,24.7048704
11/7/2025,311,1,102,corn,late,no,8.8651584
11/7/2025,311,1,106,corn,late,yes,30.2351616
11/7/2025,311,3,302,corn,late,no,19.9874304
11/7/2025,311,3,306,corn,late,yes,29.7525312
11/7/2025,311,5,502,corn,late,yes,29.6872128
11/7/2025,311,5,506,corn,late,no,12.0585024
11/7/2025,311,5,507,soybean,early,no,28.8271872
11/7/2025,311,3,303,soybean,early,no,23.4130176
11/7/2025,311,1,107,soybean,early,no,25.6701312
11/7/2025,311,1,104,soybean,late,no,28.867104
11/7/2025,311,1,108,soybean,late,yes,1.959552
11/7/2025,311,3,304,soybean,late,yes,28.0070784
11/7/2025,311,3,308,soybean,late,no,55.0960704
11/7/2025,311,5,504,soybean,late,yes,44.3548224
11/7/2025,311,5,508,soybean,late,no,86.1549696
11/12/2025,316,6,601,corn,early,no,20.1144384
11/12/2025,316,4,405,corn,early,no,34.7348736
11/12/2025,316,2,201,corn,early,no,19.0112832
11/12/2025,316,2,202,corn,late,no,36.1029312
11/12/2025,316,2,206,corn,late,yes,20.3684544
11/12/2025,316,4,402,corn,late,yes,13.1289984
11/12/2025,316,4,406,corn,late,no,11.4343488
11/12/2025,316,6,602,corn,late,no,25.76448
11/12/2025,316,6,606,corn,late,yes,18.05328
11/12/2025,316,6,607,soybean,early,no,29.2553856
11/12/2025,316,4,403,soybean,early,no,17.726688
11/12/2025,316,2,203,soybean,early,no,41.8146624
11/12/2025,316,2,204,soybean,late,no,29.0521728
11/12/2025,316,2,208,soybean,late,yes,88.0600896
11/12/2025,316,4,404,soybean,late,yes,82.3302144
11/12/2025,316,4,408,soybean,late,no,46.0240704
11/12/2025,316,6,604,soybean,late,yes,43.1609472
11/12/2025,316,6,608,soybean,late,no,19.2108672
11/12/2025,316,5,501,corn,early,no,13.4519616
11/12/2025,316,3,305,corn,early,no,28.1304576
11/12/2025,316,1,105,corn,early,no,21.4026624
11/12/2025,316,1,102,corn,late,no,32.29632
11/12/2025,316,1,106,corn,late,yes,12.718944
11/12/2025,316,3,302,corn,late,no,14.025312
11/12/2025,316,3,306,corn,late,yes,31.7665152
11/12/2025,316,5,502,corn,late,yes,37.5544512
11/12/2025,316,5,506,corn,late,no,13.7821824
11/12/2025,316,5,507,soybean,early,no,34.5752064
11/12/2025,316,3,303,soybean,early,no,22.0123008
11/12/2025,316,1,107,soybean,early,no,52.5014784
11/12/2025,316,1,104,soybean,late,no,44.5290048
11/12/2025,316,1,108,soybean,late,yes,79.9388352
11/12/2025,316,3,304,soybean,late,yes,15.8614848
11/12/2025,316,3,308,soybean,late,no,43.4875392
11/12/2025,316,5,504,soybean,late,yes,39.7607616
11/12/2025,316,5,508,soybean,late,no,43.0230528
11/18/2025,322,5,501,corn,early,no,17.3420352
11/18/2025,322,3,305,corn,early,no,9.4421376
11/18/2025,322,1,105,corn,early,no,9.9320256
11/18/2025,322,1,102,corn,late,no,14.9579136
11/18/2025,322,1,106,corn,late,yes,15.0268608
11/18/2025,322,3,302,corn,late,no,15.6836736
11/18/2025,322,3,306,corn,late,yes,13.4519616
11/18/2025,322,5,502,corn,late,yes,17.2440576
11/18/2025,322,5,506,corn,late,no,9.108288
11/18/2025,322,5,507,soybean,early,no,13.9853952
11/18/2025,322,3,303,soybean,early,no,25.3145088
11/18/2025,322,1,107,soybean,early,no,27.2776896
11/18/2025,322,1,104,soybean,late,no,58.8482496
11/18/2025,322,1,108,soybean,late,yes,92.7267264
11/18/2025,322,3,304,soybean,late,yes,19.5483456
11/18/2025,322,3,308,soybean,late,no,18.071424
11/18/2025,322,5,504,soybean,late,yes,21.8707776
11/18/2025,322,5,508,soybean,late,no,15.857856
11/18/2025,322,6,608,soybean,late,no,34.1397504
11/18/2025,322,6,604,soybean,late,yes,14.6893824
11/18/2025,322,4,408,soybean,late,no,15.7163328
11/18/2025,322,4,404,soybean,late,yes,18.3399552
11/18/2025,322,2,208,soybean,late,yes,21.3518592
11/18/2025,322,2,204,soybean,late,no,15.0994368
11/18/2025,322,6,601,corn,early,no,19.0620864
11/18/2025,322,4,405,corn,early,no,48.5424576
11/18/2025,322,2,201,corn,early,no,25.5939264
11/18/2025,322,2,202,corn,late,no,19.9366272
11/18/2025,322,2,206,corn,late,yes,18.3399552
11/18/2025,322,4,402,corn,late,yes,11.4924096
11/18/2025,322,4,406,corn,late,no,10.9118016
11/18/2025,322,6,602,corn,late,no,8.1176256
11/18/2025,322,6,606,corn,late,yes,10.5525504
11/18/2025,322,6,607,soybean,early,no,24.512544
11/18/2025,322,4,403,soybean,early,no,20.4446592
11/18/2025,322,2,203,soybean,early,no,22.4659008
